,Laser power,Scan speed,Line spacing,Layer thickness,STMPS-Width,,5.51832E+26,,,,,,,,,,a,0.00001000 
0,250,800,0.091,0.04,145.2986562,0.62371299,20930.83918,,,,,,,,,,b,0.00001000 
1,250,400,0.111,0.02,169.8582222,0.627488794,28639.04113,,,,,,,,,,c,0.00001000 
2,450,1200,0.104,0.04,152.7262222,-34.82133865,35174.08759,,,,,,,,,,d,0.00001000 
3,250,600,0.123,0.06,143.3102222,0.627288958,20358.41944,,,,,,,,,,e,0.00001000 
4,400,800,0.162,0.04,198.9992222,1.594288709,38968.70778,,,,,,,,,,f,0.00001000 
5,500,600,0.152,0.08,159.4012778,2.504097684,24616.72512,,,,,,,,,,g,0.00001000 
6,250,400,0.11,0.06,157.2547778,0.627488794,24532.10765,,,,,,,,,,h,0.00001000 
7,300,1000,0.078,0.04,143.3198334,0.702117812,20339.8128,,,,,,,,,,i,0.00001000 
8,250,600,0.05,0.06,143.3102222,0.627288958,20358.41944,,,,,,,,,,,
9,400,400,0.146,0.04,195.0905555,1.603940234,37437.07028,,,,,,,,,,,
10,500,600,0.161,0.06,167.5433333,2.504097684,27237.9493,,,,,,,,,,,
11,500,1200,0.096,0.04,162.7806667,-42.97973712,42337.34377,,,,,,,,,,,
12,450,1000,0.139,0.04,169.2853612,1.577993439,28125.76118,,,,,,,,,,,
13,450,600,0.073,0.08,146.9088889,2.028772758,20990.24805,,,,,,,,,,,
14,350,400,0.185,0.06,178.6087778,1.228458907,31463.77752,,,,,,,,,,,
15,450,800,0.177,0.04,203.3556667,2.017207264,40537.17523,,,,,,,,,,,
16,500,800,0.018,0.08,143.3677779,2.489822476,19846.59832,,,,,,,,,,,
17,450,800,0.129,0.04,203.3556667,2.017207264,40537.17523,,,,,,,,,,,
18,350,600,0.147,0.06,155.0836667,1.228067677,23671.54534,,,,,,,,,,,
19,300,400,0.167,0.08,182.7452778,0.902975094,33066.62306,,,,,,,,,,,
20,350,800,0.105,0.04,169.6988889,1.221066812,28384.77653,,,,,,,,,,,
21,500,1200,0.056,0.04,162.7806667,-42.97973712,42337.34377,,,,,,,,,,,
22,350,600,0.155,0.04,192.2185556,1.228067677,36477.36646,,,,,,,,,,,
23,200,400,0.043,0.08,151.7107778,0.402000008,22894.34623,,,,,,,,,,,
24,500,800,0.119,0.04,207.7121111,2.489822476,42116.18775,,,,,,,,,,,
25,200,400,0.14,0.04,182.1083333,0.402000008,33017.19157,,,,,,,,,,,
26,500,600,0.116,0.08,159.4012778,2.504097684,24616.72512,,,,,,,,,,,
27,200,800,0.064,0.04,143.7307779,0.399581065,20543.83199,,,,,,,,,,,
28,500,800,0.152,0.04,207.7121111,2.489822476,42116.18775,,,,,,,,,,,
29,500,600,0.085,0.08,159.4012778,2.504097684,24616.72513,,,,,,,,,,,
30,350,400,0.161,0.08,155.0034444,1.228458907,23646.74618,,,,,,,,,,,
31,400,1400,0.102,0.04,154.6487778,-5288.4899,29627758.66,,,,,,,,,,,
32,400,400,0.189,0.04,240.6536667,1.603940234,57144.77171,,,,,,,,,,,
33,500,1800,0.103,0.04,146.541,-3004500778,9.02703E+18,,,,,,,,,,,
34,400,400,0.205,0.06,226.0102222,1.603940234,50358.1794,,,,,,,,,,,
35,450,1000,0.132,0.04,169.2853612,1.577993439,28125.76118,,,,,,,,,,,
36,500,800,0.128,0.08,143.3677779,2.489822476,19846.59832,,,,,,,,,,,
37,400,400,0.125,0.08,194.0905556,1.603940234,37051.09709,,,,,,,,,,,
38,400,600,0.144,0.06,154.9918889,1.603429422,23528.0195,,,,,,,,,,,
39,300,600,0.127,0.06,160.6951667,0.902687522,25533.63639,,,,,,,,,,,
40,500,1000,0.143,0.04,171.2036667,1.947703924,28647.58092,,,,,,,,,,,
41,500,1200,0.097,0.04,162.7806667,-42.97973712,42337.34377,,,,,,,,,,,
42,350,400,0.18,0.04,269.3597778,1.228458907,71894.40416,,,,,,,,,,,
43,250,800,0.079,0.04,146.8691668,0.62371299,21387.73275,,,,,,,,,,,
44,500,600,0.186,0.06,167.5433333,2.504097684,27237.9493,,,,,,,,,,,
45,400,600,0.087,0.06,154.9918889,1.603429422,23528.0195,,,,,,,,,,,
46,500,600,0.113,0.06,167.5433333,2.504097684,27237.9493,,,,,,,,,,,
47,200,800,0.116,0.04,143.7307779,0.399581065,20543.83199,,,,,,,,,,,
48,350,400,0.185,0.04,269.3597778,1.228458907,71894.40416,,,,,,,,,,,
49,500,600,0.183,0.04,208.5036111,2.504097684,42435.79953,,,,,,,,,,,
50,500,600,0.123,0.08,151.2592222,2.504097684,22128.08708,,,,,,,,,,,
51,400,1000,0.123,0.04,167.3670556,1.247158926,27595.82005,,,,,,,,,,,
52,200,400,0.111,0.04,166.9095555,0.402000008,27724.76604,,,,,,,,,,,
53,250,400,0.152,0.06,157.2547778,0.627488794,24532.10765,,,,,,,,,,,
54,400,600,0.13,0.06,180.6761111,1.603429422,32067.02533,,,,,,,,,,,
55,300,600,0.1,0.06,160.6951667,0.902687522,25533.63639,,,,,,,,,,,
56,250,600,0.087,0.06,143.3102222,0.627288958,20358.41944,,,,,,,,,,,
57,200,400,0.129,0.08,151.7107778,0.402000008,22894.34623,,,,,,,,,,,
58,450,1000,0.104,0.04,169.2853612,1.577993439,28125.76118,,,,,,,,,,,
59,300,400,0.07,0.08,157.4081111,0.902975094,24493.8576,,,,,,,,,,,
60,450,600,0.152,0.06,161.8466667,2.028772758,25541.75921,,,,,,,,,,,
61,250,400,0.163,0.04,182.4616667,0.627488794,33063.66824,,,,,,,,,,,
62,400,1400,0.101,0.04,154.6487778,-5288.4899,29627758.66,,,,,,,,,,,
63,450,600,0.089,0.08,154.3777778,2.028772758,23210.21933,,,,,,,,,,,
64,400,600,0.144,0.04,206.3603333,1.603429422,41925.3897,,,,,,,,,,,
65,200,600,0.08,0.04,165.8861771,0.401871985,27385.05525,,,,,,,,,,,
66,450,800,0.141,0.04,203.3556667,2.017207264,40537.17523,,,,,,,,,,,
67,450,600,0.113,0.06,161.8466667,2.028772758,25541.75921,,,,,,,,,,,
68,400,600,0.13,0.04,206.3603333,1.603429422,41925.3897,,,,,,,,,,,
69,450,600,0.145,0.04,241.6798889,2.028772758,57432.65746,,,,,,,,,,,
70,450,600,0.194,0.06,161.8466667,2.028772758,25541.75921,,,,,,,,,,,
71,400,400,0.212,0.06,226.0102222,1.603940234,50358.1794,,,,,,,,,,,
72,250,600,0.067,0.06,143.3102222,0.627288958,20358.41944,,,,,,,,,,,
73,300,600,0.067,0.06,146.6201111,0.902687522,21233.56754,,,,,,,,,,,
74,450,1200,0.085,0.04,152.7262222,-34.82133865,35174.08759,,,,,,,,,,,
75,250,600,0.111,0.04,156.0775556,0.627288958,24164.78539,,,,,,,,,,,
77,450,1200,0.116,0.04,152.7262222,-34.82133865,35174.08759,,,,,,,,,,,
78,350,1000,0.095,0.04,155.3434445,0.955200383,23835.72992,,,,,,,,,,,
79,450,600,0.159,0.04,241.6798889,2.028772758,57432.65746,,,,,,,,,,,
80,400,600,0.13,0.06,154.9918889,1.603429422,23528.0195,,,,,,,,,,,
81,400,600,0.159,0.04,206.3603333,1.603429422,41925.3897,,,,,,,,,,,
82,500,1600,0.093,0.04,144.2247778,-3339649.808,1.11542E+13,,,,,,,,,,,
83,250,800,0.096,0.04,146.8691668,0.62371299,21387.73275,,,,,,,,,,,
84,350,400,0.108,0.04,157.592,1.228458907,24449.55698,,,,,,,,,,,
85,200,400,0.096,0,166.9095555,0.402000008,27724.76602,,,,,,,,,,,
86,200,400,0.085,0.04,182.1083333,0.402000008,33017.19157,,,,,,,,,,,
87,500,1000,0.134,0.04,171.2036667,1.947703924,28647.58092,,,,,,,,,,,
88,450,1000,0.122,0.04,169.2853612,1.577993439,28125.76118,,,,,,,,,,,
89,450,600,0.081,0.06,161.8466667,2.028772758,25541.75921,,,,,,,,,,,
90,350,400,0.165,0.04,269.3597778,1.228458907,71894.40416,,,,,,,,,,,
91,350,400,0.178,0.06,169.3946667,1.228458907,28279.87343,,,,,,,,,,,
92,350,400,0.19,0.06,178.6087778,1.228458907,31463.77752,,,,,,,,,,,
93,350,400,0.133,0.06,169.3946667,1.228458907,28279.87343,,,,,,,,,,,
94,500,1600,0.083,0.04,144.2247778,-3339649.808,1.11542E+13,,,,,,,,,,,
95,350,1000,0.117,0.04,155.3434445,0.955200383,23835.72992,,,,,,,,,,,
96,300,800,0.097,0.04,150.0075556,0.897541572,22233.79627,,,,,,,,,,,
97,500,800,0.147,0.08,175.5399445,2.489822476,29946.34474,,,,,,,,,,,
98,500,1800,0.068,0.04,146.541,-3004500778,9.02703E+18,,,,,,,,,,,
99,450,600,0.129,0.06,161.8466667,2.028772758,25541.75921,,,,,,,,,,,
100,300,1000,0.093,0.04,143.3198334,0.702117812,20339.8128,,,,,,,,,,,
101,450,1200,0.135,0.04,152.7262222,-34.82133865,35174.08759,,,,,,,,,,,
102,500,800,0.151,0.04,207.7121111,2.489822476,42116.18775,,,,,,,,,,,
103,500,600,0.191,0.02,208.5036111,2.504097684,42435.79952,,,,,,,,,,,
104,500,800,0.164,0.04,207.7121111,2.489822476,42116.18775,,,,,,,,,,,
105,400,600,0.159,0.08,180.6761111,1.603429422,32067.02533,,,,,,,,,,,
106,400,800,0.138,0.04,198.9992222,1.594288709,38968.70778,,,,,,,,,,,
107,500,600,0.191,0.06,167.5433333,2.504097684,27237.9493,,,,,,,,,,,
108,250,600,0.099,0.04,156.0775556,0.627288958,24164.78539,,,,,,,,,,,
109,450,600,0.166,0.08,154.3777778,2.028772758,23210.21933,,,,,,,,,,,
110,500,800,0.092,0.08,143.3677779,2.489822476,19846.59832,,,,,,,,,,,
111,350,600,0.155,0.06,155.0836667,1.228067677,23671.54534,,,,,,,,,,,
112,200,800,0.081,0.04,143.7307779,0.399581065,20543.83199,,,,,,,,,,,
113,200,400,0.118,0.04,182.1083333,0.402000008,33017.19157,,,,,,,,,,,
114,450,600,0.173,0.06,161.8466667,2.028772758,25541.75921,,,,,,,,,,,
115,350,400,0.163,0.06,169.3946667,1.228458907,28279.87343,,,,,,,,,,,
116,300,1000,0.108,0.04,143.3198334,0.702117812,20339.8128,,,,,,,,,,,
117,350,400,0.043,0.08,155.0034444,1.228458907,23646.74618,,,,,,,,,,,
118,500,1200,0.117,0.04,162.7806667,-42.97973712,42337.34377,,,,,,,,,,,
119,500,600,0.187,0.06,167.5433333,2.504097684,27237.9493,,,,,,,,,,,
120,350,400,0.123,0.08,155.0034444,1.228458907,23646.74618,,,,,,,,,,,
121,250,400,0.055,0.08,154.1232222,0.627488794,23560.94018,,,,,,,,,,,
122,450,1000,0.116,0.04,169.2853612,1.577993439,28125.76118,,,,,,,,,,,
123,200,400,0.058,0.08,151.7107778,0.402000008,22894.34623,,,,,,,,,,,
124,400,400,0.197,0.08,159.1708889,1.603940234,24827.34331,,,,,,,,,,,
125,250,400,0.108,0.08,154.1232222,0.627488794,23560.94018,,,,,,,,,,,
127,150,600,0.096,0.04,165.8945383,0.226436602,27445.91993,,,,,,,,,,,
129,350,400,0.147,0.06,178.6087778,1.228458907,31463.77752,,,,,,,,,,,
130,300,600,0.109,0.04,174.7702222,0.902687522,30229.91962,,,,,,,,,,,
131,500,600,0.132,0.06,167.5433333,2.504097684,27237.9493,,,,,,,,,,,
132,450,600,0.166,0.06,161.8466667,2.028772758,25541.75921,,,,,,,,,,,
133,450,600,0.138,0.04,241.6798889,2.028772758,57432.65746,,,,,,,,,,,
134,500,1600,0.094,0.04,144.2247778,-3339649.808,1.11542E+13,,,,,,,,,,,
135,250,600,0.099,0.06,143.3102222,0.627288958,20358.41944,,,,,,,,,,,
136,350,400,0.085,0.08,155.0034444,1.228458907,23646.74618,,,,,,,,,,,
137,400,400,0.174,0.06,226.0102222,1.603940234,50358.1794,,,,,,,,,,,
138,250,800,0.129,0.04,146.8691667,0.62371299,21387.73275,,,,,,,,,,,
139,400,400,0.197,0.06,226.0102222,1.603940234,50358.1794,,,,,,,,,,,
140,250,600,0.087,0.04,156.0775556,0.627288958,24164.78539,,,,,,,,,,,
141,400,400,0.16,0.04,240.6536667,1.603940234,57144.77171,,,,,,,,,,,
142,300,400,0.16,0.08,157.4081111,0.902975094,24493.8576,,,,,,,,,,,
143,200,400,0.073,0.08,151.7107778,0.402000008,22894.34623,,,,,,,,,,,
144,250,600,0.031,0.06,143.3102222,0.627288958,20358.41944,,,,,,,,,,,
145,500,1600,0.104,0.04,144.2247778,-3339649.808,1.11542E+13,,,,,,,,,,,
146,400,400,0.205,0.04,240.6536667,1.603940234,57144.77171,,,,,,,,,,,
147,350,1000,0.063,0.04,155.3434445,0.955200383,23835.72992,,,,,,,,,,,
148,200,400,0.118,0.08,151.7107778,0.402000008,22894.34623,,,,,,,,,,,
149,500,1000,0.133,0.04,171.2036667,1.947703924,28647.58092,,,,,,,,,,,
150,500,800,0.197,0.04,207.7121111,2.489822476,42116.18775,,,,,,,,,,,
151,200,400,0.073,0.08,151.7107778,0.402000008,22894.34623,,,,,,,,,,,
152,200,400,0.077,0.08,151.7107778,0.402000008,22894.34623,,,,,,,,,,,
153,250,400,0.142,0.08,154.1232222,0.627488794,23560.94018,,,,,,,,,,,
154,500,1600,0.093,0.04,144.2247778,-3339649.808,1.11542E+13,,,,,,,,,,,
155,400,400,0.153,0.08,159.6708889,1.603940234,24985.16026,,,,,,,,,,,
156,450,600,0.071,0.08,146.9088889,2.028772758,20990.24805,,,,,,,,,,,
157,500,1800,0.11,0.04,146.541,-3004500778,9.02703E+18,,,,,,,,,,,
158,200,800,0.099,0.04,143.7307779,0.399581065,20543.83199,,,,,,,,,,,
159,400,400,0.205,0.04,233.3319444,1.603940234,53697.86793,,,,,,,,,,,
160,500,1600,0.114,0.04,144.2247778,-3339649.808,1.11542E+13,,,,,,,,,,,
161,400,400,0.137,0.06,226.0102222,1.603940234,50358.1794,,,,,,,,,,,
162,400,1000,0.113,0.04,167.3670556,1.247158926,27595.82005,,,,,,,,,,,
163,500,600,0.179,0.06,167.5433333,2.504097684,27237.9493,,,,,,,,,,,
164,450,1200,0.091,0.04,152.7262222,-34.82133865,35174.08759,,,,,,,,,,,
165,250,400,0.163,0.06,155.689,0.627488794,24044.07226,,,,,,,,,,,
166,300,600,0.127,0.04,174.7702222,0.902687522,30229.91962,,,,,,,,,,,
167,250,400,0.091,0.06,155.689,0.627488794,24044.07226,,,,,,,,,,,
168,250,400,0.072,0.1,155.689,0.627488794,24044.07226,,,,,,,,,,,
169,300,800,0.142,0.04,150.0075556,0.897541572,22233.79627,,,,,,,,,,,
170,350,600,0.055,0.06,155.0836667,1.228067677,23671.54534,,,,,,,,,,,
171,300,400,0.188,0.04,182.7452777,0.902975094,33066.62303,,,,,,,,,,,
172,350,400,0.175,0.06,178.6087778,1.228458907,31463.77752,,,,,,,,,,,
173,350,600,0.102,0.06,155.0836667,1.228067677,23671.54534,,,,,,,,,,,
174,350,1000,0.134,0.04,155.3434445,0.955200383,23835.72992,,,,,,,,,,,
175,300,800,0.06,0.04,150.0075556,0.897541572,22233.79627,,,,,,,,,,,
176,300,1000,0.092,0.04,143.3198334,0.702117812,20339.8128,,,,,,,,,,,
177,400,400,0.212,0.04,240.6536667,1.603940234,57144.77171,,,,,,,,,,,
178,300,400,0.147,0.04,182.7452777,0.902975094,33066.62303,,,,,,,,,,,
179,400,600,0.16,0.06,154.9918889,1.603429422,23528.0195,,,,,,,,,,,
180,250,400,0.141,0.08,155.689,0.627488794,24044.07226,,,,,,,,,,,
181,500,1000,0.156,0.04,171.2036667,1.947703924,28647.58092,,,,,,,,,,,
182,500,1800,0.082,0.04,146.541,-3004500778,9.02703E+18,,,,,,,,,,,
183,500,600,0.17,0.06,167.5433333,2.504097684,27237.9493,,,,,,,,,,,
184,250,400,0.131,0.06,157.2547778,0.627488794,24532.10765,,,,,,,,,,,
185,300,600,0.069,0.06,160.6951667,0.902687522,25533.6364,,,,,,,,,,,
186,350,600,0.131,0.06,173.6511111,1.228067677,29729.70591,,,,,,,,,,,
187,350,400,0.19,0.04,269.3597778,1.228458907,71894.40416,,,,,,,,,,,
188,350,600,0.065,0.06,155.0836667,1.228067677,23671.54534,,,,,,,,,,,
189,400,400,0.198,0.06,226.0102222,1.603940234,50358.1794,,,,,,,,,,,
190,250,400,0.121,0.06,157.2547778,0.627488794,24532.10765,,,,,,,,,,,
191,400,800,0.12,0.04,198.9992222,1.594288709,38968.70778,,,,,,,,,,,
192,350,400,0.147,0.06,160.1805556,1.228458907,25265.76903,,,,,,,,,,,
193,350,400,0.18,0.06,178.6087778,1.228458907,31463.77752,,,,,,,,,,,
194,400,1400,0.075,0.04,154.6487778,-5288.4899,29627758.66,,,,,,,,,,,
195,300,400,0.124,0.06,160.1805556,0.902975094,25369.34764,,,,,,,,,,,
196,400,1400,0.095,0.04,154.6487778,-5288.4899,29627758.66,,,,,,,,,,,
197,150,600,0.123,0.04,165.8945383,0.226436602,27445.91993,,,,,,,,,,,
198,300,800,0.12,0.04,150.0075556,0.897541572,22233.79627,,,,,,,,,,,
199,250,600,0.075,0.06,143.3102222,0.627288958,20358.41944,,,,,,,,,,,
200,250,400,0.089,0.04,182.4616667,0.627488794,33063.66824,,,,,,,,,,,
201,300,600,0.118,0.04,174.7702222,0.902687522,30229.91962,,,,,,,,,,,
202,350,800,0.153,0.04,169.6988889,1.221066812,28384.77653,,,,,,,,,,,
203,250,600,0.135,0.04,156.0775556,0.627288958,24164.78539,,,,,,,,,,,
204,450,600,0.187,0.04,241.6798889,2.028772758,57432.65746,,,,,,,,,,,
205,300,600,0.172,0.04,174.7702222,0.902687522,30229.91962,,,,,,,,,,,
206,350,1000,0.101,0.04,155.3434445,0.955200383,23835.72992,,,,,,,,,,,
207,450,800,0.159,0.04,203.3556667,2.017207264,40537.17523,,,,,,,,,,,
208,400,1000,0.11,0.04,167.3670556,1.247158926,27595.82005,,,,,,,,,,,
209,350,400,0.165,0.04,269.3597778,1.228458907,71894.40416,,,,,,,,,,,
210,350,400,0.116,0.04,166.8061111,1.228458907,27415.9589,,,,,,,,,,,
211,400,800,0.108,0.04,198.9992222,1.594288709,38968.70778,,,,,,,,,,,
212,500,800,0.11,0.08,143.3677779,2.489822476,19846.59832,,,,,,,,,,,
213,500,1200,0.131,0.04,162.7806667,-42.97973712,42337.34377,,,,,,,,,,,
214,250,600,0.123,0.08,156.0775556,0.627288958,24164.78539,,,,,,,,,,,
215,400,400,0.088,0.08,163.1708889,1.603940234,26103.8789,,,,,,,,,,,
216,500,1000,0.125,0.04,171.2036667,1.947703924,28647.58092,,,,,,,,,,,
217,400,1400,0.096,0.04,154.6487778,-5288.4899,29627758.66,,,,,,,,,,,
218,400,1000,0.1,0.04,167.3670556,1.247158926,27595.82005,,,,,,,,,,,
219,350,600,0.123,0.04,192.2185556,1.228067677,36477.36646,,,,,,,,,,,
220,350,600,0.107,0.06,155.0836667,1.228067677,23671.54534,,,,,,,,,,,
221,350,800,0.105,0.04,169.6988889,1.221066812,28384.77653,,,,,,,,,,,
222,400,800,0.168,0.04,198.9992222,1.594288709,38968.70778,,,,,,,,,,,
223,300,800,0.104,0.04,150.0075556,0.897541572,22233.79627,,,,,,,,,,,
224,300,1000,0.07,0.04,143.3198334,0.702117812,20339.8128,,,,,,,,,,,
225,350,400,0.148,0.06,178.6087778,1.228458907,31463.77752,,,,,,,,,,,
226,450,600,0.173,0.04,241.6798889,2.028772758,57432.65746,,,,,,,,,,,
227,350,600,0.155,0.08,173.6511111,1.228067677,29729.70591,,,,,,,,,,,
228,300,600,0.136,0.04,174.7702222,0.902687522,30229.91962,,,,,,,,,,,
229,400,600,0.102,0.06,180.6761111,1.603429422,32067.02533,,,,,,,,,,,
230,250,400,0.098,0.06,157.2547778,0.627488794,24532.10765,,,,,,,,,,,
231,350,400,0.175,0.08,166.8061111,1.228458907,27415.95891,,,,,,,,,,,
232,400,600,0.145,0.02,180.6761111,1.603429422,32067.02532,,,,,,,,,,,
233,400,1000,0.114,0.04,167.3670556,1.247158926,27595.82005,,,,,,,,,,,
234,400,400,0.182,0.02,233.3319444,1.603940234,53697.86793,,,,,,,,,,,
235,400,1400,0.08,0.04,154.6487778,-5288.4899,29627758.66,,,,,,,,,,,
236,300,400,0.16,0.08,157.4081111,0.902975094,24493.8576,,,,,,,,,,,
237,300,400,0.088,0.08,157.4081111,0.902975094,24493.8576,,,,,,,,,,,
238,350,400,0.166,0.06,169.3946667,1.228458907,28279.87343,,,,,,,,,,,
239,450,800,0.153,0.04,203.3556667,2.017207264,40537.17523,,,,,,,,,,,
240,300,1000,0.1,0.04,143.3198334,0.702117812,20339.8128,,,,,,,,,,,
241,200,800,0.037,0.04,143.7307779,0.399581065,20543.83199,,,,,,,,,,,
242,250,400,0.125,0.08,154.1232222,0.627488794,23560.94018,,,,,,,,,,,
243,350,800,0.123,0.04,169.6988889,1.221066812,28384.77653,,,,,,,,,,,
244,350,400,0.144,0.1,157.592,1.228458907,24449.55698,,,,,,,,,,,
245,300,600,0.136,0.06,146.6201111,0.902687522,21233.56754,,,,,,,,,,,
246,200,800,0.073,0.04,143.7307779,0.399581065,20543.83199,,,,,,,,,,,
247,350,400,0.16,0.06,160.1805556,1.228458907,25265.76903,,,,,,,,,,,
248,250,400,0.141,0.04,182.4616667,0.627488794,33063.66824,,,,,,,,,,,
249,400,400,0.13,0.08,163.6708889,1.603940234,26265.69585,,,,,,,,,,,
0,500,1000,0.165,0.06,125.3593333,1.947703924,15230.43027,,,,,,,,,,,
1,400,600,0.067,0.08,140.718,1.603429422,19352.86375,,,,,,,,,,,
2,450,800,0.102,0.08,135.6652223,2.017207264,17861.79192,,,,,,,,,,,
3,350,800,0.117,0.06,116.9185556,1.221066812,13385.9089,,,,,,,,,,,
4,300,1000,0.054,0.06,112.5020741,0.702117812,12499.23023,,,,,,,,,,,
5,400,1200,0.112,0.04,135.7348889,-27.52081594,26652.42516,,,,,,,,,,,
6,200,400,0.085,0.06,133.64525,0.402000008,17753.76367,,,,,,,,,,,
7,450,1200,0.104,0.06,112.4717778,-34.82133865,21695.26215,,,,,,,,,,,
8,450,1200,0.122,0.06,112.4717778,-34.82133865,21695.26215,,,,,,,,,,,
9,450,1000,0.127,0.06,122.6160555,1.577993439,14650.21248,,,,,,,,,,,
10,400,800,0.138,0.06,124.8394445,1.594288709,15189.36841,,,,,,,,,,,
11,350,1400,0.039,0.04,118.3416667,-4050.450261,17378826.13,,,,,,,,,,,
12,450,1600,0.089,0.04,122.9661111,-2705718.812,7.32158E+12,,,,,,,,,,,
13,500,1000,0.138,0.08,128.0058889,1.947703924,15890.666,,,,,,,,,,,
14,450,1200,0.097,0.06,112.4717778,-34.82133865,21695.26215,,,,,,,,,,,
15,500,1200,0.01,0.06,113.7256667,-42.97973712,24556.58359,,,,,,,,,,,
16,500,2000,0.092,0.04,136.146,-6.0156E+12,3.61874E+25,,,,,,,,,,,
17,300,800,0.112,0.06,116.3973704,0.897541572,13340.21046,,,,,,,,,,,
18,300,1000,0.092,0.06,112.5020741,0.702117812,12499.23023,,,,,,,,,,,
19,450,800,0.135,0.06,132.7603333,2.017207264,17093.76501,,,,,,,,,,,
20,500,1600,0.107,0.06,97.9152221,-3339649.808,1.11539E+13,,,,,,,,,,,
21,400,1000,0.09,0.04,120.7525555,1.247158926,14281.53982,,,,,,,,,,,
22,250,1000,0.078,0.04,131.2962223,0.487911212,17110.81425,,,,,,,,,,,
23,450,1200,0.091,0.06,112.4717778,-34.82133865,21695.26215,,,,,,,,,,,
24,400,600,0.118,0.08,140.718,1.603429422,19352.86375,,,,,,,,,,,
25,400,1000,0.096,0.06,121.8162223,1.247158926,14536.89903,,,,,,,,,,,
26,350,600,0.059,0.08,134.5271111,1.228067677,17768.63498,,,,,,,,,,,
27,500,1000,0.078,0.08,130.6524444,1.947703924,16564.91023,,,,,,,,,,,
28,450,800,0.147,0.06,132.7603333,2.017207264,17093.76501,,,,,,,,,,,
29,450,1400,0.077,0.06,101.6982222,-6691.381687,46145934.66,,,,,,,,,,,
30,250,800,0.054,0.06,115.355,0.62371299,13163.26822,,,,,,,,,,,
31,450,1200,0.067,0.06,112.4717778,-34.82133865,21695.26215,,,,,,,,,,,
32,350,800,0.129,0.06,116.9185556,1.221066812,13385.9089,,,,,,,,,,,
33,450,1200,0.11,0.06,112.4717778,-34.82133865,21695.26215,,,,,,,,,,,
34,400,2000,0.097,0.04,118.388,-3.85191E+12,1.48372E+25,,,,,,,,,,,
35,250,800,0.093,0.06,115.355,0.62371299,13163.26822,,,,,,,,,,,
36,450,1400,0.101,0.04,137.9857778,-6691.381687,46640259.97,,,,,,,,,,,
37,500,800,0.196,0.06,140.6812222,2.489822476,19096.86294,,,,,,,,,,,
38,450,2000,0.084,0.04,121.0836667,-4.87372E+12,2.37532E+25,,,,,,,,,,,
39,450,1000,0.086,0.06,122.6160556,1.577993439,14650.21248,,,,,,,,,,,
40,400,800,0.126,0.06,124.8394445,1.594288709,15189.36841,,,,,,,,,,,
41,350,600,0.058,0.08,134.5271111,1.228067677,17768.63498,,,,,,,,,,,
42,350,1000,0.09,0.06,113.4412778,0.955200383,12653.11761,,,,,,,,,,,
43,250,1000,0.045,0.04,131.2962223,0.487911212,17110.81425,,,,,,,,,,,
44,250,800,0.078,0.06,115.355,0.62371299,13163.26822,,,,,,,,,,,
45,500,1800,0.103,0.06,83.523,-3004500778,9.02703E+18,,,,,,,,,,,
46,250,800,0.112,0.06,115.355,0.62371299,13163.26822,,,,,,,,,,,
47,500,1600,0.03,0.06,97.9152221,-3339649.808,1.11539E+13,,,,,,,,,,,
48,450,1400,0.093,0.04,137.9857778,-6691.381687,46640259.97,,,,,,,,,,,
49,500,1000,0.138,0.08,130.6524444,1.947703924,16564.91023,,,,,,,,,,,
50,400,2000,0.069,0.04,118.388,-3.85191E+12,1.48372E+25,,,,,,,,,,,
51,400,1200,0.074,0.04,135.7348889,-27.52081594,26652.42516,,,,,,,,,,,
52,350,800,0.081,0.06,116.9185556,1.221066812,13385.9089,,,,,,,,,,,
53,400,1800,0.1,0.04,113.367,-1923844333,3.70118E+18,,,,,,,,,,,
54,350,1200,0.04,0.06,109.964,-21.07816899,17172.05005,,,,,,,,,,,
55,400,1000,0.072,0.06,120.7525555,1.247158926,14281.53982,,,,,,,,,,,
56,350,1400,0.104,0.04,118.3416667,-4050.450261,17378826.13,,,,,,,,,,,
57,250,1000,0.067,0.04,131.2962223,0.487911212,17110.81425,,,,,,,,,,,
58,300,800,0.127,0.06,116.3973704,0.897541572,13340.21046,,,,,,,,,,,
59,300,1000,0.07,0.06,112.5020741,0.702117812,12499.23023,,,,,,,,,,,
60,400,2000,0.088,0.04,118.388,-3.85191E+12,1.48372E+25,,,,,,,,,,,
61,500,1200,0.124,0.06,113.7256667,-42.97973712,24556.58359,,,,,,,,,,,
62,450,800,0.068,0.08,135.6652223,2.017207264,17861.79192,,,,,,,,,,,
63,400,1000,0.081,0.04,120.7525555,1.247158926,14281.53982,,,,,,,,,,,
64,450,2000,0.093,0.04,121.0836667,-4.87372E+12,2.37532E+25,,,,,,,,,,,
65,450,1400,0.025,0.06,119.842,-6691.381687,46392768.12,,,,,,,,,,,
66,300,800,0.097,0.06,116.3973704,0.897541572,13340.21046,,,,,,,,,,,
67,450,1400,0.121,0.04,137.9857778,-6691.381687,46640259.97,,,,,,,,,,,
68,350,1200,0.086,0.04,114.5516667,-21.07816899,18395.45232,,,,,,,,,,,
69,350,1000,0.03,0.06,113.4412778,0.955200383,12653.11761,,,,,,,,,,,
70,500,1400,0.142,0.06,105.8204444,-8259.125624,69972322.73,,,,,,,,,,,
71,200,400,0.096,0.06,133.64525,0.402000008,17753.76367,,,,,,,,,,,
72,200,400,0.095,0.06,133.64525,0.402000008,17753.76367,,,,,,,,,,,
73,400,1600,0.07,0.04,124.7087778,-2138447.227,4.57349E+12,,,,,,,,,,,
74,500,1000,0.097,0.06,125.3593333,1.947703924,15230.43027,,,,,,,,,,,
75,500,1600,0.043,0.06,97.9152221,-3339649.808,1.11539E+13,,,,,,,,,,,
76,350,800,0.085,0.1,118.5893333,1.221066812,13775.30999,,,,,,,,,,,
77,400,1000,0.114,0.08,120.7525555,1.247158926,14281.53982,,,,,,,,,,,
78,350,1200,0.078,0.04,114.5516667,-21.07816899,18395.45232,,,,,,,,,,,
79,350,800,0.067,0.08,120.2601111,1.221066812,14170.29407,,,,,,,,,,,
80,500,1200,0.104,0.06,113.7256667,-42.97973712,24556.58359,,,,,,,,,,,
81,400,1200,0.096,0.04,135.7348889,-27.52081594,26652.42516,,,,,,,,,,,
82,450,800,0.165,0.06,132.7603333,2.017207264,17093.76501,,,,,,,,,,,
83,350,1200,0.077,0.06,109.964,-21.07816899,17172.05005,,,,,,,,,,,
84,500,1600,0.076,0.06,97.9152221,-3339649.808,1.11539E+13,,,,,,,,,,,
85,500,1400,0.11,0.06,105.8204444,-8259.125624,69972322.73,,,,,,,,,,,
86,350,1200,0.054,0.06,109.964,-21.07816899,17172.05005,,,,,,,,,,,
87,400,1200,0.065,0.06,111.2178889,-27.52081594,19248.42822,,,,,,,,,,,
88,300,1000,0.047,0.06,112.5020741,0.702117812,12499.23023,,,,,,,,,,,
89,500,800,0.158,0.06,140.6812222,2.489822476,19096.86294,,,,,,,,,,,
90,350,600,0.123,0.08,134.5271111,1.228067677,17768.63498,,,,,,,,,,,
91,500,1400,0.07,0.06,105.8204444,-8259.125624,69972322.73,,,,,,,,,,,
92,450,800,0.051,0.08,135.6652223,2.017207264,17861.79192,,,,,,,,,,,
93,400,600,0.186,0.08,140.718,1.603429422,19352.86375,,,,,,,,,,,
94,450,1000,0.127,0.1,122.8938333,1.577993439,14717.533,,,,,,,,,,,
95,400,1200,0.057,0.06,111.2178889,-27.52081594,19248.42822,,,,,,,,,,,
96,400,600,0.152,0.08,140.718,1.603429422,19352.86375,,,,,,,,,,,
97,400,1000,0.075,0.08,119.6888888,1.247158926,14028.44338,,,,,,,,,,,
98,400,1200,0.089,0.04,135.7348889,-27.52081594,26652.42516,,,,,,,,,,,
99,400,1000,0.062,0.08,119.6888888,1.247158926,14028.44338,,,,,,,,,,,
101,350,1000,0.08,0.06,113.4412778,0.955200383,12653.11761,,,,,,,,,,,
102,500,1400,0.114,0.06,105.8204444,-8259.125624,69972322.73,,,,,,,,,,,
103,500,1800,0.11,0.06,83.523,-3004500778,9.02703E+18,,,,,,,,,,,
104,450,1400,0.097,0.06,101.6982222,-6691.381687,46145934.66,,,,,,,,,,,
105,400,800,0.144,0.06,124.8394445,1.594288709,15189.36841,,,,,,,,,,,
106,400,800,0.138,0.08,126.4010556,1.594288709,15576.72905,,,,,,,,,,,
107,400,1000,0.05,0.08,119.6888888,1.247158926,14028.44338,,,,,,,,,,,
108,350,1000,0.095,0.06,113.4412778,0.955200383,12653.11761,,,,,,,,,,,
109,450,1200,0.073,0.06,112.4717778,-34.82133865,21695.26215,,,,,,,,,,,
110,450,1200,0.057,0.06,112.4717778,-34.82133865,21695.26215,,,,,,,,,,,
111,450,1000,0.105,0.06,122.6160556,1.577993439,14650.21248,,,,,,,,,,,
112,400,1200,0.112,0.06,111.2178889,-27.52081594,19248.42822,,,,,,,,,,,
113,350,1600,0.107,0.04,122.2921667,-1637835.053,2.6829E+12,,,,,,,,,,,
114,300,1200,0.108,0.04,136.6321111,-15.49339779,23142.17046,,,,,,,,,,,
115,350,1200,0.111,0.02,112.2578333,-21.07816899,17778.48951,,,,,,,,,,,
116,500,800,0.171,0.06,140.6812222,2.489822476,19096.86294,,,,,,,,,,,
117,500,2000,0.083,0.04,136.146,-6.0156E+12,3.61874E+25,,,,,,,,,,,
118,500,800,0.151,0.06,140.6812222,2.489822476,19096.86294,,,,,,,,,,,
119,250,800,0.104,0.06,115.355,0.62371299,13163.26822,,,,,,,,,,,
120,400,1800,0.103,0.04,117.3950859,-1923844333,3.70118E+18,,,,,,,,,,,
121,350,800,0.137,0.08,120.2601111,1.221066812,14170.29407,,,,,,,,,,,
122,300,1200,0.117,0.04,136.6321111,-15.49339779,23142.17046,,,,,,,,,,,
123,400,2000,0.078,0.04,118.388,-3.85191E+12,1.48372E+25,,,,,,,,,,,
124,350,1000,0.106,0.06,113.4412778,0.955200383,12653.11761,,,,,,,,,,,
125,500,1800,0.089,0.06,83.523,-3004500778,9.02703E+18,,,,,,,,,,,
126,400,800,0.094,0.06,126.4010556,1.594288709,15576.72905,,,,,,,,,,,
127,500,1000,0.108,0.08,130.6524444,1.947703924,16564.91023,,,,,,,,,,,
128,500,1400,0.06,0.06,105.8204444,-8259.125624,69972322.73,,,,,,,,,,,
129,500,1800,0.082,0.06,83.523,-3004500778,9.02703E+18,,,,,,,,,,,
130,350,1400,0.103,0.04,118.3416667,-4050.450261,17378826.13,,,,,,,,,,,
131,300,800,0.07,0.06,116.3973704,0.897541572,13340.21046,,,,,,,,,,,
133,500,1000,0.083,0.06,128.0058889,1.947703924,15890.666,,,,,,,,,,,
134,350,1200,0.095,0.06,109.964,-21.07816899,17172.05005,,,,,,,,,,,
135,450,1000,0.055,0.08,122.8938333,1.577993439,14717.533,,,,,,,,,,,
136,500,2000,0.101,0.04,136.146,-6.0156E+12,3.61874E+25,,,,,,,,,,,
137,350,800,0.07,0.06,118.5893333,1.221066812,13775.30999,,,,,,,,,,,
138,450,1000,0.11,0.06,122.6160556,1.577993439,14650.21248,,,,,,,,,,,
139,450,800,0.06,0.06,132.7603333,2.017207264,17093.76501,,,,,,,,,,,
140,500,2000,0.074,0.04,136.146,-6.0156E+12,3.61874E+25,,,,,,,,,,,
141,450,1800,0.065,0.04,121.4217778,-2434187638,5.92527E+18,,,,,,,,,,,
142,350,1600,0.089,0.04,122.2921667,-1637835.053,2.6829E+12,,,,,,,,,,,
143,400,1000,0.123,0.06,121.8162223,1.247158926,14536.89903,,,,,,,,,,,
144,450,800,0.141,0.06,132.7603333,2.017207264,17093.76501,,,,,,,,,,,
145,400,1000,0.101,0.1,120.7525555,1.247158926,14281.53982,,,,,,,,,,,
146,450,1000,0.097,0.1,122.8938333,1.577993439,14717.53299,,,,,,,,,,,
147,500,1000,0.133,0.06,125.3593333,1.947703924,15230.43027,,,,,,,,,,,
148,250,800,0.047,0.06,115.355,0.62371299,13163.26822,,,,,,,,,,,
149,500,800,0.081,0.06,140.6812222,2.489822476,19096.86294,,,,,,,,,,,
150,450,800,0.165,0.06,132.7603333,2.017207264,17093.76501,,,,,,,,,,,
151,500,1600,0.096,0.06,97.9152221,-3339649.808,1.11539E+13,,,,,,,,,,,
152,500,1800,0.05,0.06,83.523,-3004500778,9.02703E+18,,,,,,,,,,,
153,400,800,0.06,0.08,127.9626667,1.594288709,15968.96695,,,,,,,,,,,
154,200,400,0.14,0.06,133.64525,0.402000008,17753.76367,,,,,,,,,,,
155,400,800,0.106,0.08,127.9626667,1.594288709,15968.96695,,,,,,,,,,,
156,400,1200,0.096,0.02,123.4763889,-27.52081594,22800.15587,,,,,,,,,,,
157,350,1000,0.112,0.06,113.4412778,0.955200383,12653.11761,,,,,,,,,,,
158,450,1600,0.088,0.04,122.9661111,-2705718.812,7.32158E+12,,,,,,,,,,,
159,450,1400,0.089,0.04,137.9857778,-6691.381687,46640259.97,,,,,,,,,,,
160,450,1600,0.074,0.04,122.9661111,-2705718.812,7.32158E+12,,,,,,,,,,,
161,400,1600,0.116,0.04,124.7087778,-2138447.227,4.57349E+12,,,,,,,,,,,
162,200,400,0.129,0.06,133.64525,0.402000008,17753.76367,,,,,,,,,,,
163,350,800,0.081,0.04,118.5893333,1.221066812,13775.30999,,,,,,,,,,,
164,500,1200,0.123,0.06,113.7256667,-42.97973712,24556.58359,,,,,,,,,,,
165,400,1800,0.084,0.04,113.367,-1923844333,3.70118E+18,,,,,,,,,,,
166,250,1000,0.056,0.04,131.2962223,0.487911212,17110.81425,,,,,,,,,,,
167,400,1600,0.076,0.04,124.7087778,-2138447.227,4.57349E+12,,,,,,,,,,,
168,450,1000,0.139,0.06,122.6160556,1.577993439,14650.21248,,,,,,,,,,,
169,500,1400,0.07,0.06,105.8204444,-8259.125624,69972322.73,,,,,,,,,,,
170,450,1400,0.093,0.06,101.6982222,-6691.381687,46145934.66,,,,,,,,,,,
171,400,1200,0.073,0.06,111.2178889,-27.52081594,19248.42822,,,,,,,,,,,
172,500,2000,0.11,0.04,136.146,-6.0156E+12,3.61874E+25,,,,,,,,,,,
173,450,1800,0.102,0.04,117.3936919,-2434187638,5.92527E+18,,,,,,,,,,,
174,300,1000,0.062,0.06,112.5020741,0.702117812,12499.23023,,,,,,,,,,,
175,250,800,0.078,0.06,115.355,0.62371299,13163.26822,,,,,,,,,,,
176,400,1200,0.073,0.02,123.4763889,-27.52081594,22800.15587,,,,,,,,,,,
177,450,1000,0.048,0.06,122.6160556,1.577993439,14650.21248,,,,,,,,,,,
178,350,800,0.099,0.06,116.9185556,1.221066812,13385.9089,,,,,,,,,,,
179,450,1400,0.076,0.06,101.6982222,-6691.381687,46145934.66,,,,,,,,,,,
180,500,1800,0.1,0.06,83.523,-3004500778,9.02703E+18,,,,,,,,,,,
181,400,1200,0.081,0.06,111.2178889,-27.52081594,19248.42822,,,,,,,,,,,
182,250,1000,0.089,0.04,131.2962223,0.487911212,17110.81425,,,,,,,,,,,
183,300,1200,0.056,0.04,136.6321111,-15.49339779,23142.17046,,,,,,,,,,,
184,300,1000,0.093,0.06,112.5020741,0.702117812,12499.23023,,,,,,,,,,,
185,350,1200,0.095,0.04,114.5516667,-21.07816899,18395.45232,,,,,,,,,,,
186,500,1800,0.067,0.06,83.523,-3004500778,9.02703E+18,,,,,,,,,,,
187,250,1000,0.122,0.04,131.2962223,0.487911212,17110.81425,,,,,,,,,,,
188,500,1000,0.089,0.08,128.0058889,1.947703924,15890.666,,,,,,,,,,,
189,350,1200,0.062,0.06,109.964,-21.07816899,17172.05005,,,,,,,,,,,
190,500,1000,0.129,0.06,125.3593333,1.947703924,15230.43027,,,,,,,,,,,
191,200,400,0.151,0.06,133.64525,0.402000008,17753.76367,,,,,,,,,,,
192,450,1400,0.105,0.06,101.6982222,-6691.381687,46145934.66,,,,,,,,,,,
193,400,600,0.084,0.08,140.718,1.603429422,19352.86375,,,,,,,,,,,
194,500,2000,0.074,0.04,119.7352588,-6.0156E+12,3.61874E+25,,,,,,,,,,,
195,500,1000,0.134,0.06,125.3593333,1.947703924,15230.43027,,,,,,,,,,,
196,300,1000,0.086,0.06,112.5020741,0.702117812,12499.23023,,,,,,,,,,,
197,400,1800,0.02,0.04,113.367,-1923844333,3.70118E+18,,,,,,,,,,,
198,500,1600,0.08,0.06,97.9152221,-3339649.808,1.11539E+13,,,,,,,,,,,
199,350,800,0.095,0.08,120.2601111,1.221066812,14170.29407,,,,,,,,,,,
200,450,1000,0.098,0.06,122.6160556,1.577993439,14650.21248,,,,,,,,,,,
201,300,800,0.08,0.06,116.3973704,0.897541572,13340.21046,,,,,,,,,,,
202,400,1000,0.088,0.08,119.6888888,1.247158926,14028.44338,,,,,,,,,,,
203,350,800,0.053,0.1,118.5893333,1.221066812,13775.30999,,,,,,,,,,,
204,300,1000,0.108,0.06,112.5020741,0.702117812,12499.23023,,,,,,,,,,,
205,450,1600,0.103,0.04,122.9661111,-2705718.812,7.32158E+12,,,,,,,,,,,
206,300,1200,0.066,0.04,136.6321111,-15.49339779,23142.17046,,,,,,,,,,,
207,350,800,0.141,0.06,116.9185556,1.221066812,13385.9089,,,,,,,,,,,
208,350,800,0.081,0.08,118.5893333,1.221066812,13775.30999,,,,,,,,,,,
209,300,800,0.09,0.06,116.3973704,0.897541572,13340.21046,,,,,,,,,,,
210,500,1600,0.097,0.06,97.9152221,-3339649.808,1.11539E+13,,,,,,,,,,,
211,400,800,0.156,0.06,124.8394445,1.594288709,15189.36841,,,,,,,,,,,
212,300,1600,0.072,0.04,123.5012749,-1203882.289,1.44963E+12,,,,,,,,,,,
213,300,800,0.105,0.06,116.3973704,0.897541572,13340.21046,,,,,,,,,,,
214,400,800,0.114,0.06,124.8394445,1.594288709,15189.36841,,,,,,,,,,,
215,500,2000,0.065,0.04,136.146,-6.0156E+12,3.61874E+25,,,,,,,,,,,
216,350,1600,0.083,0.04,122.2921667,-1637835.053,2.6829E+12,,,,,,,,,,,
217,300,800,0.03,0.06,116.3973704,0.897541572,13340.21046,,,,,,,,,,,
218,450,1800,0.105,0.04,121.4217778,-2434187638,5.92527E+18,,,,,,,,,,,
219,400,1600,0.099,0.04,124.7087778,-2138447.227,4.57349E+12,,,,,,,,,,,
220,350,600,0.066,0.08,137.6253365,1.228067677,18604.21493,,,,,,,,,,,
221,450,800,0.105,0.06,132.7603333,2.017207264,17093.76501,,,,,,,,,,,
222,400,1000,0.118,0.06,121.8162223,1.247158926,14536.89903,,,,,,,,,,,
223,200,400,0.047,0.06,133.64525,0.402000008,17753.76367,,,,,,,,,,,
224,450,800,0.153,0.08,135.6652223,2.017207264,17861.79192,,,,,,,,,,,
225,450,1000,0.116,0.06,122.6160556,1.577993439,14650.21248,,,,,,,,,,,
226,400,800,0.102,0.06,124.8394445,1.594288709,15189.36841,,,,,,,,,,,
227,500,1200,0.08,0.06,113.7256667,-42.97973712,24556.58359,,,,,,,,,,,
228,400,800,0.09,0.08,127.9626667,1.594288709,15968.96695,,,,,,,,,,,
229,350,1200,0.07,0.06,109.964,-21.07816899,17172.05005,,,,,,,,,,,
230,500,1600,0.101,0.06,97.9152221,-3339649.808,1.11539E+13,,,,,,,,,,,
231,350,1200,0.103,0.04,114.5516667,-21.07816899,18395.45232,,,,,,,,,,,
232,400,2000,0.003,0.04,118.388,-3.85191E+12,1.48372E+25,,,,,,,,,,,
233,200,400,0.049,0.06,133.64525,0.402000008,17753.76367,,,,,,,,,,,
234,350,1000,0.101,0.06,113.4412778,0.955200383,12653.11761,,,,,,,,,,,
235,300,1200,0.082,0.04,136.6321111,-15.49339779,23142.17046,,,,,,,,,,,
236,350,1400,0.078,0.04,118.3416667,-4050.450261,17378826.13,,,,,,,,,,,
237,500,1000,0.143,0.06,125.3593333,1.947703924,15230.43027,,,,,,,,,,,
238,400,1000,0.114,0.06,121.8162223,1.247158926,14536.89903,,,,,,,,,,,
239,450,1000,0.099,0.08,122.8938333,1.577993439,14717.533,,,,,,,,,,,
240,350,1400,0.097,0.04,118.3416667,-4050.450261,17378826.13,,,,,,,,,,,
241,500,1200,0.084,0.06,113.7256667,-42.97973712,24556.58359,,,,,,,,,,,
242,450,800,0.135,0.06,132.7603333,2.017207264,17093.76501,,,,,,,,,,,
243,450,800,0.102,0.08,135.6652223,2.017207264,17861.79192,,,,,,,,,,,
244,400,1200,0.041,0.06,111.2178889,-27.52081594,19248.42822,,,,,,,,,,,
245,450,800,0.136,0.08,135.6652223,2.017207264,17861.79192,,,,,,,,,,,
246,250,800,0.087,0.06,115.355,0.62371299,13163.26822,,,,,,,,,,,
0,250,800,0.095,0.04,146.8691668,0.62371299,21387.73275,,,,,,,,,,,
1,250,400,0.121,0.04,182.4616667,0.627488794,33063.66824,,,,,,,,,,,
2,500,1000,0.147,0.06,125.3593333,1.947703924,15230.43027,,,,,,,,,,,
3,450,1200,0.104,0.04,152.7262222,-34.82133865,35174.08759,,,,,,,,,,,
4,400,600,0.101,0.08,140.718,1.603429422,19352.86375,,,,,,,,,,,
7,350,800,0.117,0.06,116.9185556,1.221066812,13385.9089,,,,,,,,,,,
8,400,800,0.144,0.04,198.9992222,1.594288709,38968.70778,,,,,,,,,,,
9,500,600,0.163,0.08,151.2592222,2.504097684,22128.08708,,,,,,,,,,,
11,300,1000,0.078,0.04,143.3198334,0.702117812,20339.8128,,,,,,,,,,,
15,500,1400,0.106,0.04,141.8175556,-8259.125624,70575846.31,,,,,,,,,,,
17,450,1200,0.104,0.06,112.4717778,-34.82133865,21695.26215,,,,,,,,,,,
18,400,400,0.117,0.06,226.0102222,1.603940234,50358.1794,,,,,,,,,,,
19,500,600,0.174,0.06,167.5433333,2.504097684,27237.9493,,,,,,,,,,,
20,500,1200,0.11,0.04,162.7806667,-42.97973712,42337.34377,,,,,,,,,,,
21,450,1200,0.116,0.06,112.4717778,-34.82133865,21695.26215,,,,,,,,,,,
25,450,800,0.165,0.04,203.3556667,2.017207264,40537.17523,,,,,,,,,,,
26,500,800,0.073,0.08,143.3677779,2.489822476,19846.59832,,,,,,,,,,,
27,450,1000,0.127,0.06,122.6160556,1.577993439,14650.21248,,,,,,,,,,,
28,400,800,0.132,0.06,124.8394445,1.594288709,15189.36841,,,,,,,,,,,
29,350,1400,0.065,0.04,118.3416667,-4050.450261,17378826.13,,,,,,,,,,,
30,450,800,0.147,0.04,203.3556667,2.017207264,40537.17523,,,,,,,,,,,
31,350,600,0.147,0.06,155.0836667,1.228067677,23671.54534,,,,,,,,,,,
32,300,400,0.167,0.08,157.4081111,0.902975094,24493.8576,,,,,,,,,,,
33,450,1600,0.096,0.04,122.9661111,-2705718.812,7.32158E+12,,,,,,,,,,,
35,500,1000,0.138,0.08,130.6524444,1.947703924,16564.91023,,,,,,,,,,,
37,500,1200,0.09,0.04,162.7806667,-42.97973712,42337.34377,,,,,,,,,,,
40,500,1200,0.06,0.06,113.7256667,-42.97973712,24556.58359,,,,,,,,,,,
42,300,800,0.112,0.06,116.3973704,0.897541572,13340.21046,,,,,,,,,,,
43,500,800,0.145,0.04,207.7121111,2.489822476,42116.18775,,,,,,,,,,,
44,300,1000,0.1,0.06,112.5020741,0.702117812,12499.23023,,,,,,,,,,,
47,500,600,0.143,0.08,151.2592222,2.504097684,22128.08708,,,,,,,,,,,
49,500,1600,0.107,0.06,97.9152221,-3339649.808,1.11539E+13,,,,,,,,,,,
50,500,800,0.158,0.04,207.7121111,2.489822476,42116.18775,,,,,,,,,,,
51,400,1000,0.089,0.06,121.8162223,1.247158926,14536.89903,,,,,,,,,,,
52,250,1000,0.078,0.04,131.2962223,0.487911212,17110.81425,,,,,,,,,,,
55,500,600,0.085,0.08,151.2592222,2.504097684,22128.08708,,,,,,,,,,,
57,400,1000,0.105,0.06,121.8162223,1.247158926,14536.89903,,,,,,,,,,,
58,350,600,0.091,0.08,134.5271111,1.228067677,17768.63498,,,,,,,,,,,
60,400,1400,0.091,0.04,154.6487778,-5288.4899,29627758.66,,,,,,,,,,,
62,450,1400,0.085,0.06,101.6982222,-6691.381687,46145934.66,,,,,,,,,,,
63,400,400,0.197,0.04,240.6536667,1.603940234,57144.77171,,,,,,,,,,,
64,500,1800,0.103,0.04,146.541,-3004500778,9.02703E+18,,,,,,,,,,,
68,350,800,0.111,0.06,116.9185556,1.221066812,13385.9089,,,,,,,,,,,
70,400,2000,0.097,0.04,118.388,-3.85191E+12,1.48372E+25,,,,,,,,,,,
71,450,1000,0.127,0.04,169.2853612,1.577993439,28125.76118,,,,,,,,,,,
72,250,800,0.07,0.06,115.355,0.62371299,13163.26822,,,,,,,,,,,
74,400,400,0.131,0.08,162.1708889,1.603940234,25781.745,,,,,,,,,,,
76,400,600,0.144,0.06,154.9918889,1.603429422,23528.0195,,,,,,,,,,,
77,500,800,0.177,0.06,140.6812222,2.489822476,19096.86294,,,,,,,,,,,
81,300,600,0.127,0.06,146.6201111,0.902687522,21233.56754,,,,,,,,,,,
87,350,400,0.175,0.04,269.3597778,1.228458907,71894.40416,,,,,,,,,,,
88,250,800,0.087,0.04,146.8691668,0.62371299,21387.73275,,,,,,,,,,,
89,250,800,0.095,0.06,115.355,0.62371299,13163.26822,,,,,,,,,,,
91,250,800,0.112,0.06,115.355,0.62371299,13163.26822,,,,,,,,,,,
92,500,1600,0.06,0.06,97.9152221,-3339649.808,1.11539E+13,,,,,,,,,,,
93,450,1400,0.093,0.04,137.9857778,-6691.381687,46640259.97,,,,,,,,,,,
94,500,1000,0.123,0.08,130.6524444,1.947703924,16564.91023,,,,,,,,,,,
95,500,600,0.178,0.06,167.5433333,2.504097684,27237.9493,,,,,,,,,,,
97,400,1200,0.089,0.04,135.7348889,-27.52081594,26652.42516,,,,,,,,,,,
99,350,800,0.093,0.06,116.9185556,1.221066812,13385.9089,,,,,,,,,,,
101,400,1800,0.092,0.04,113.367,-1923844333,3.70118E+18,,,,,,,,,,,
102,350,1200,0.047,0.06,109.964,-21.07816899,17172.05005,,,,,,,,,,,
103,400,1000,0.067,0.06,121.8162223,1.247158926,14536.89903,,,,,,,,,,,
104,350,1400,0.091,0.04,118.3416667,-4050.450261,17378826.13,,,,,,,,,,,
105,250,1000,0.056,0.04,131.2962223,0.487911212,17110.81425,,,,,,,,,,,
107,200,800,0.09,0.04,143.7307779,0.399581065,20543.83199,,,,,,,,,,,
109,350,400,0.185,0.04,269.3597778,1.228458907,71894.40416,,,,,,,,,,,
110,500,600,0.183,0.04,249.4638889,2.504097684,60989.13847,,,,,,,,,,,
113,200,400,0.107,0.04,182.1083333,0.402000008,33017.19157,,,,,,,,,,,
118,400,600,0.13,0.06,154.9918889,1.603429422,23528.0195,,,,,,,,,,,
119,300,600,0.1,0.06,146.6201111,0.902687522,21233.56754,,,,,,,,,,,
121,200,400,0.129,0.08,151.7107778,0.402000008,22894.34623,,,,,,,,,,,
122,400,1000,0.078,0.06,121.8162223,1.247158926,14536.89903,,,,,,,,,,,
123,450,1000,0.11,0.04,169.2853612,1.577993439,28125.76118,,,,,,,,,,,
125,450,600,0.159,0.06,161.8466667,2.028772758,25541.75921,,,,,,,,,,,
128,450,1400,0.057,0.06,101.6982222,-6691.381687,46145934.66,,,,,,,,,,,
130,450,600,0.109,0.08,146.9088889,2.028772758,20990.24805,,,,,,,,,,,
131,300,800,0.097,0.06,116.3973704,0.897541572,13340.21046,,,,,,,,,,,
132,450,1400,0.105,0.04,137.9857778,-6691.381687,46640259.97,,,,,,,,,,,
133,350,1200,0.086,0.04,114.5516667,-21.07816899,18395.45232,,,,,,,,,,,
135,200,600,0.08,0.04,162.9195556,0.401871985,26411.99747,,,,,,,,,,,
137,450,600,0.113,0.06,161.8466667,2.028772758,25541.75921,,,,,,,,,,,
138,350,1000,0.06,0.06,113.4412778,0.955200383,12653.11761,,,,,,,,,,,
139,500,1400,0.106,0.06,105.8204444,-8259.125624,69972322.73,,,,,,,,,,,
141,450,600,0.159,0.04,241.6798889,2.028772758,57432.65746,,,,,,,,,,,
142,450,600,0.18,0.06,161.8466667,2.028772758,25541.75921,,,,,,,,,,,
145,200,400,0.076,0.06,133.64525,0.402000008,17753.76367,,,,,,,,,,,
146,250,600,0.067,0.06,143.3102222,0.627288958,20358.41944,,,,,,,,,,,
147,400,1600,0.07,0.04,124.7087778,-2138447.227,4.57349E+12,,,,,,,,,,,
150,450,1200,0.085,0.04,152.7262222,-34.82133865,35174.08759,,,,,,,,,,,
151,250,600,0.111,0.04,168.8448889,0.627288958,28297.16093,,,,,,,,,,,
152,500,1600,0.07,0.06,97.9152221,-3339649.808,1.11539E+13,,,,,,,,,,,
154,350,800,0.095,0.08,120.2601111,1.221066812,14170.29407,,,,,,,,,,,
155,400,1000,0.114,0.08,119.6888888,1.247158926,14028.44338,,,,,,,,,,,
159,450,600,0.166,0.04,241.6798889,2.028772758,57432.65746,,,,,,,,,,,
160,400,600,0.137,0.06,154.9918889,1.603429422,23528.0195,,,,,,,,,,,
163,400,1200,0.096,0.04,135.7348889,-27.52081594,26652.42516,,,,,,,,,,,
165,450,800,0.159,0.06,132.7603333,2.017207264,17093.76501,,,,,,,,,,,
166,350,1200,0.086,0.06,109.964,-21.07816899,17172.05005,,,,,,,,,,,
167,500,1600,0.09,0.06,97.9152221,-3339649.808,1.11539E+13,,,,,,,,,,,
169,250,800,0.104,0.04,146.8691668,0.62371299,21387.73275,,,,,,,,,,,
170,350,400,0.108,0.06,160.1805556,1.228458907,25265.76903,,,,,,,,,,,
171,200,400,0.096,0.04,182.1083333,0.402000008,33017.19157,,,,,,,,,,,
175,300,1000,0.047,0.06,112.5020741,0.702117812,12499.23023,,,,,,,,,,,
177,500,1000,0.134,0.04,171.2036667,1.947703924,28647.58092,,,,,,,,,,,
180,450,600,0.097,0.06,161.8466667,2.028772758,25541.75921,,,,,,,,,,,
182,350,400,0.17,0.04,269.3597778,1.228458907,71894.40416,,,,,,,,,,,
183,350,400,0.174,0.06,160.1805556,1.228458907,25265.76903,,,,,,,,,,,
185,500,1400,0.09,0.06,105.8204444,-8259.125624,69972322.73,,,,,,,,,,,
186,450,800,0.085,0.08,135.6652223,2.017207264,17861.79192,,,,,,,,,,,
187,350,400,0.14,0.06,160.1805556,1.228458907,25265.76903,,,,,,,,,,,
188,500,1600,0.09,0.04,144.2247778,-3339649.808,1.11542E+13,,,,,,,,,,,
189,400,600,0.135,0.08,140.718,1.603429422,19352.86375,,,,,,,,,,,
190,350,1000,0.117,0.04,155.3434445,0.955200383,23835.72992,,,,,,,,,,,
191,300,800,0.112,0.04,150.0075556,0.897541572,22233.79627,,,,,,,,,,,
192,450,1000,0.127,0.08,123.171611,1.577993439,14785.00783,,,,,,,,,,,
195,400,1000,0.075,0.08,119.6888888,1.247158926,14028.44338,,,,,,,,,,,
196,500,800,0.146,0.08,143.3677779,2.489822476,19846.59832,,,,,,,,,,,
197,400,1200,0.081,0.04,135.7348889,-27.52081594,26652.42516,,,,,,,,,,,
199,500,1800,0.075,0.04,146.541,-3004500778,9.02703E+18,,,,,,,,,,,
201,300,1000,0.085,0.06,112.5020741,0.702117812,12499.23023,,,,,,,,,,,
203,500,1400,0.098,0.04,141.8175556,-8259.125624,70575846.31,,,,,,,,,,,
204,500,1400,0.09,0.04,141.8175556,-8259.125624,70575846.31,,,,,,,,,,,
205,300,1000,0.093,0.04,143.3198334,0.702117812,20339.8128,,,,,,,,,,,
206,500,1400,0.102,0.06,105.8204444,-8259.125624,69972322.73,,,,,,,,,,,
208,450,1200,0.11,0.04,152.7262222,-34.82133865,35174.08759,,,,,,,,,,,
211,500,600,0.191,0.04,249.4638889,2.504097684,60989.13847,,,,,,,,,,,
214,400,800,0.138,0.08,127.9626667,1.594288709,15968.96695,,,,,,,,,,,
215,400,600,0.159,0.06,154.9918889,1.603429422,23528.0195,,,,,,,,,,,
216,400,1000,0.05,0.08,119.6888888,1.247158926,14028.44338,,,,,,,,,,,
218,400,800,0.132,0.04,198.9992222,1.594288709,38968.70778,,,,,,,,,,,
219,450,1200,0.085,0.06,112.4717778,-34.82133865,21695.26215,,,,,,,,,,,
221,450,1000,0.122,0.06,122.6160556,1.577993439,14650.21248,,,,,,,,,,,
224,350,1600,0.095,0.04,122.2921667,-1637835.053,2.6829E+12,,,,,,,,,,,
226,350,1200,0.111,0.04,114.5516667,-21.07816899,18395.45232,,,,,,,,,,,
227,250,600,0.099,0.04,168.8448889,0.627288958,28297.16093,,,,,,,,,,,
229,450,600,0.166,0.08,146.9088889,2.028772758,20990.24805,,,,,,,,,,,
231,350,600,0.139,0.06,155.0836667,1.228067677,23671.54534,,,,,,,,,,,
232,500,2000,0.092,0.04,136.146,-6.0156E+12,3.61874E+25,,,,,,,,,,,
233,500,800,0.164,0.06,140.6812222,2.489822476,19096.86294,,,,,,,,,,,
238,400,1800,0.1,0.04,113.367,-1923844333,3.70118E+18,,,,,,,,,,,
239,350,800,0.123,0.08,120.2601111,1.221066812,14170.29407,,,,,,,,,,,
240,300,1200,0.091,0.04,136.6321111,-15.49339779,23142.17046,,,,,,,,,,,
241,350,400,0.165,0.06,178.6087778,1.228458907,31463.77752,,,,,,,,,,,
242,400,2000,0.078,0.04,118.388,-3.85191E+12,1.48372E+25,,,,,,,,,,,
246,400,800,0.094,0.06,124.8394445,1.594288709,15189.36841,,,,,,,,,,,
250,350,1400,0.084,0.04,118.3416667,-4050.450261,17378826.13,,,,,,,,,,,
251,350,400,0.083,0.08,155.0034444,1.228458907,23646.74618,,,,,,,,,,,
256,500,1000,0.083,0.06,125.3593333,1.947703924,15230.43027,,,,,,,,,,,
260,450,1000,0.055,0.08,123.171611,1.577993439,14785.00783,,,,,,,,,,,
262,200,400,0.088,0.08,151.7107778,0.402000008,22894.34623,,,,,,,,,,,
263,500,2000,0.083,0.04,136.146,-6.0156E+12,3.61874E+25,,,,,,,,,,,
264,350,800,0.07,0.06,116.9185556,1.221066812,13385.9089,,,,,,,,,,,
266,450,800,0.09,0.06,132.7603333,2.017207264,17093.76501,,,,,,,,,,,
269,500,2000,0.074,0.04,136.146,-6.0156E+12,3.61874E+25,,,,,,,,,,,
271,450,1000,0.133,0.04,169.2853612,1.577993439,28125.76118,,,,,,,,,,,
272,200,600,0.096,0.04,162.9195556,0.401871985,26411.99747,,,,,,,,,,,
273,350,800,0.111,0.04,169.6988889,1.221066812,28384.77653,,,,,,,,,,,
276,500,600,0.151,0.06,167.5433333,2.504097684,27237.9493,,,,,,,,,,,
278,450,600,0.152,0.04,241.6798889,2.028772758,57432.65746,,,,,,,,,,,
281,450,800,0.153,0.06,132.7603333,2.017207264,17093.76501,,,,,,,,,,,
282,400,1000,0.101,0.08,119.6888888,1.247158926,14028.44338,,,,,,,,,,,
283,450,1000,0.085,0.08,123.171611,1.577993439,14785.00783,,,,,,,,,,,
284,500,1000,0.138,0.06,125.3593333,1.947703924,15230.43027,,,,,,,,,,,
286,500,1600,0.097,0.04,144.2247778,-3339649.808,1.11542E+13,,,,,,,,,,,
287,250,600,0.099,0.06,143.3102222,0.627288958,20358.41944,,,,,,,,,,,
288,350,400,0.104,0.08,155.0034444,1.228458907,23646.74618,,,,,,,,,,,
289,500,800,0.129,0.06,140.6812222,2.489822476,19096.86294,,,,,,,,,,,
290,400,400,0.182,0.06,226.0102222,1.603940234,50358.1794,,,,,,,,,,,
291,250,800,0.112,0.04,146.8691668,0.62371299,21387.73275,,,,,,,,,,,
294,250,600,0.087,0.04,168.8448889,0.627288958,28297.16093,,,,,,,,,,,
295,500,1600,0.1,0.06,97.9152221,-3339649.808,1.11539E+13,,,,,,,,,,,
296,400,400,0.175,0.04,240.6536667,1.603940234,57144.77171,,,,,,,,,,,
297,300,400,0.142,0.08,157.4081111,0.902975094,24493.8576,,,,,,,,,,,
300,250,600,0.059,0.06,143.3102222,0.627288958,20358.41944,,,,,,,,,,,
303,400,400,0.19,0.04,240.6536667,1.603940234,57144.77171,,,,,,,,,,,
306,400,1200,0.104,0.04,135.7348889,-27.52081594,26652.42516,,,,,,,,,,,
307,350,1000,0.09,0.04,155.3434445,0.955200383,23835.72992,,,,,,,,,,,
310,500,1000,0.138,0.04,171.2036667,1.947703924,28647.58092,,,,,,,,,,,
311,450,1600,0.092,0.04,122.9661111,-2705718.812,7.32158E+12,,,,,,,,,,,
312,500,800,0.171,0.04,207.7121111,2.489822476,42116.18775,,,,,,,,,,,
313,200,400,0.058,0.08,151.7107778,0.402000008,22894.34623,,,,,,,,,,,
314,200,400,0.103,0.08,151.7107778,0.402000008,22894.34623,,,,,,,,,,,
316,500,1600,0.1,0.04,144.2247778,-3339649.808,1.11542E+13,,,,,,,,,,,
317,400,400,0.175,0.08,160.1708889,1.603940234,25143.47721,,,,,,,,,,,
319,450,1600,0.085,0.04,122.9661111,-2705718.812,7.32158E+12,,,,,,,,,,,
320,450,600,0.09,0.08,146.9088889,2.028772758,20990.24805,,,,,,,,,,,
321,400,1600,0.093,0.04,124.7087778,-2138447.227,4.57349E+12,,,,,,,,,,,
323,200,400,0.129,0.06,133.64525,0.402000008,17753.76367,,,,,,,,,,,
325,400,400,0.205,0.04,240.6536667,1.603940234,57144.77171,,,,,,,,,,,
327,500,1600,0.107,0.04,144.2247778,-3339649.808,1.11542E+13,,,,,,,,,,,
329,500,1200,0.11,0.06,113.7256667,-42.97973712,24556.58359,,,,,,,,,,,
331,400,1000,0.109,0.04,167.3670556,1.247158926,27595.82005,,,,,,,,,,,
332,500,600,0.183,0.06,167.5433333,2.504097684,27237.9493,,,,,,,,,,,
333,250,1000,0.067,0.04,131.2962223,0.487911212,17110.81425,,,,,,,,,,,
335,250,400,0.163,0.06,157.2547778,0.627488794,24532.10765,,,,,,,,,,,
336,400,1600,0.076,0.04,124.7087778,-2138447.227,4.57349E+12,,,,,,,,,,,
339,250,400,0.073,0.06,157.2547778,0.627488794,24532.10765,,,,,,,,,,,
340,250,400,0.091,0.08,154.1232222,0.627488794,23560.94018,,,,,,,,,,,
341,300,800,0.127,0.04,150.0075556,0.897541572,22233.79627,,,,,,,,,,,
344,350,600,0.089,0.06,155.0836667,1.228067677,23671.54534,,,,,,,,,,,
345,300,400,0.174,0.04,208.0824444,0.902975094,42923.33252,,,,,,,,,,,
349,350,1000,0.112,0.04,155.3434445,0.955200383,23835.72992,,,,,,,,,,,
351,450,1800,0.097,0.04,121.4217778,-2434187638,5.92527E+18,,,,,,,,,,,
354,400,1200,0.073,0.04,135.7348889,-27.52081594,26652.42516,,,,,,,,,,,
355,300,800,0.09,0.04,150.0075556,0.897541572,22233.79627,,,,,,,,,,,
356,450,1000,0.073,0.06,122.6160556,1.577993439,14650.21248,,,,,,,,,,,
357,300,1000,0.085,0.04,143.3198334,0.702117812,20339.8128,,,,,,,,,,,
358,350,800,0.105,0.06,116.9185556,1.221066812,13385.9089,,,,,,,,,,,
360,500,1800,0.075,0.06,83.523,-3004500778,9.02703E+18,,,,,,,,,,,
364,300,1200,0.065,0.04,136.6321111,-15.49339779,23142.17046,,,,,,,,,,,
365,300,1000,0.093,0.06,112.5020741,0.702117812,12499.23023,,,,,,,,,,,
367,300,400,0.147,0.04,208.0824444,0.902975094,42923.33252,,,,,,,,,,,
369,400,600,0.152,0.06,154.9918889,1.603429422,23528.0195,,,,,,,,,,,
370,250,1000,0.1,0.04,131.2962223,0.487911212,17110.81425,,,,,,,,,,,
371,500,1000,0.093,0.08,130.6524444,1.947703924,16564.91023,,,,,,,,,,,
373,250,400,0.152,0.08,154.1232222,0.627488794,23560.94018,,,,,,,,,,,
374,500,1000,0.147,0.04,171.2036667,1.947703924,28647.58092,,,,,,,,,,,
376,500,1000,0.129,0.06,125.3593333,1.947703924,15230.43027,,,,,,,,,,,
377,200,400,0.118,0.06,133.64525,0.402000008,17753.76367,,,,,,,,,,,
378,500,600,0.17,0.06,167.5433333,2.504097684,27237.9493,,,,,,,,,,,
380,300,600,0.089,0.06,146.6201111,0.902687522,21233.56754,,,,,,,,,,,
382,350,600,0.131,0.06,155.0836667,1.228067677,23671.54534,,,,,,,,,,,
384,450,2000,0.074,0.04,121.0836667,-4.87372E+12,2.37532E+25,,,,,,,,,,,
386,300,1000,0.078,0.06,112.5020741,0.702117812,12499.23023,,,,,,,,,,,
388,350,600,0.077,0.06,155.0836667,1.228067677,23671.54534,,,,,,,,,,,
389,400,400,0.19,0.06,226.0102222,1.603940234,50358.1794,,,,,,,,,,,
390,250,400,0.142,0.06,157.2547778,0.627488794,24532.10765,,,,,,,,,,,
391,400,1800,0.06,0.04,113.367,-1923844333,3.70118E+18,,,,,,,,,,,
392,400,800,0.126,0.04,198.9992222,1.594288709,38968.70778,,,,,,,,,,,
396,350,800,0.109,0.08,120.2601111,1.221066812,14170.29407,,,,,,,,,,,
402,350,800,0.053,0.08,120.2601111,1.221066812,14170.29407,,,,,,,,,,,
403,400,1400,0.085,0.04,154.6487778,-5288.4899,29627758.66,,,,,,,,,,,
404,200,600,0.111,0.04,162.9195556,0.401871985,26411.99747,,,,,,,,,,,
407,250,400,0.11,0.04,182.4616667,0.627488794,33063.66824,,,,,,,,,,,
409,350,800,0.129,0.04,169.6988889,1.221066812,28384.77653,,,,,,,,,,,
410,250,600,0.135,0.04,168.8448889,0.627288958,28297.16093,,,,,,,,,,,
411,450,600,0.18,0.04,241.6798889,2.028772758,57432.65746,,,,,,,,,,,
412,300,600,0.145,0.04,174.7702222,0.902687522,30229.91962,,,,,,,,,,,
415,300,1200,0.074,0.04,136.6321111,-15.49339779,23142.17046,,,,,,,,,,,
417,450,800,0.159,0.04,203.3556667,2.017207264,40537.17523,,,,,,,,,,,
418,350,800,0.123,0.06,116.9185556,1.221066812,13385.9089,,,,,,,,,,,
419,400,1000,0.105,0.04,167.3670556,1.247158926,27595.82005,,,,,,,,,,,
421,350,800,0.081,0.08,120.2601111,1.221066812,14170.29407,,,,,,,,,,,
422,300,800,0.09,0.06,116.3973704,0.897541572,13340.21046,,,,,,,,,,,
424,400,800,0.15,0.06,124.8394445,1.594288709,15189.36841,,,,,,,,,,,
425,350,1600,0.071,0.04,122.2921667,-1637835.053,2.6829E+12,,,,,,,,,,,
427,400,800,0.126,0.06,124.8394445,1.594288709,15189.36841,,,,,,,,,,,
428,350,400,0.11,0.06,178.6087778,1.228458907,31463.77752,,,,,,,,,,,
433,500,1200,0.124,0.04,162.7806667,-42.97973712,42337.34377,,,,,,,,,,,
434,250,600,0.111,0.06,143.3102222,0.627288958,20358.41944,,,,,,,,,,,
435,400,400,0.088,0.08,164.1708889,1.603940234,26428.0128,,,,,,,,,,,
436,300,800,0.06,0.06,116.3973704,0.897541572,13340.21046,,,,,,,,,,,
437,450,1800,0.105,0.04,121.4217778,-2434187638,5.92527E+18,,,,,,,,,,,
441,350,600,0.139,0.04,192.2185556,1.228067677,36477.36646,,,,,,,,,,,
442,350,600,0.123,0.06,155.0836667,1.228067677,23671.54534,,,,,,,,,,,
444,350,800,0.117,0.04,169.6988889,1.221066812,28384.77653,,,,,,,,,,,
445,350,600,0.075,0.08,134.5271111,1.228067677,17768.63498,,,,,,,,,,,
446,450,800,0.12,0.06,132.7603333,2.017207264,17093.76501,,,,,,,,,,,
447,400,800,0.15,0.04,198.9992222,1.594288709,38968.70778,,,,,,,,,,,
451,350,400,0.129,0.06,178.6087778,1.228458907,31463.77752,,,,,,,,,,,
452,450,600,0.173,0.04,241.6798889,2.028772758,57432.65746,,,,,,,,,,,
453,350,600,0.155,0.06,155.0836667,1.228067677,23671.54534,,,,,,,,,,,
454,200,400,0.057,0.06,133.64525,0.402000008,17753.76367,,,,,,,,,,,
458,400,800,0.12,0.06,124.8394445,1.594288709,15189.36841,,,,,,,,,,,
459,400,600,0.116,0.06,154.9918889,1.603429422,23528.0195,,,,,,,,,,,
462,350,400,0.18,0.08,155.0034444,1.228458907,23646.74618,,,,,,,,,,,
463,400,600,0.152,0.04,206.3603333,1.603429422,41925.3897,,,,,,,,,,,
466,400,400,0.182,0.04,240.6536667,1.603940234,57144.77171,,,,,,,,,,,
467,400,1400,0.08,0.04,154.6487778,-5288.4899,29627758.66,,,,,,,,,,,
468,350,1200,0.078,0.06,109.964,-21.07816899,17172.05005,,,,,,,,,,,
469,500,1600,0.104,0.06,97.9152221,-3339649.808,1.11539E+13,,,,,,,,,,,
471,400,2000,0.05,0.04,118.388,-3.85191E+12,1.48372E+25,,,,,,,,,,,
472,300,400,0.16,0.08,157.4081111,0.902975094,24493.8576,,,,,,,,,,,
473,300,400,0.124,0.08,157.4081111,0.902975094,24493.8576,,,,,,,,,,,
474,200,400,0.067,0.06,133.64525,0.402000008,17753.76367,,,,,,,,,,,
475,350,400,0.17,0.06,178.6087778,1.228458907,31463.77752,,,,,,,,,,,
481,400,1000,0.114,0.06,121.8162223,1.247158926,14536.89903,,,,,,,,,,,
483,200,800,0.055,0.04,143.7307779,0.399581065,20543.83199,,,,,,,,,,,
484,250,400,0.108,0.08,154.1232222,0.627488794,23560.94018,,,,,,,,,,,
485,450,1000,0.099,0.08,123.171611,1.577993439,14785.00783,,,,,,,,,,,
486,350,1400,0.097,0.04,118.3416667,-4050.450261,17378826.13,,,,,,,,,,,
488,350,400,0.142,0.08,155.0034444,1.228458907,23646.74618,,,,,,,,,,,
489,500,1200,0.097,0.06,113.7256667,-42.97973712,24556.58359,,,,,,,,,,,
490,300,600,0.118,0.06,146.6201111,0.902687522,21233.56754,,,,,,,,,,,
492,450,800,0.119,0.08,135.6652223,2.017207264,17861.79192,,,,,,,,,,,
493,400,1200,0.049,0.06,111.2178889,-27.52081594,19248.42822,,,,,,,,,,,
496,350,400,0.167,0.06,160.1805556,1.228458907,25265.76903,,,,,,,,,,,
497,250,400,0.131,0.04,182.4616667,0.627488794,33063.66824,,,,,,,,,,,
499,500,1400,0.11,0.04,141.8175556,-8259.125624,70575846.31,,,,,,,,,,,
500,400,400,0.109,0.08,163.1708889,1.603940234,26103.8789,,,,,,,,,,,
