,Laser power,Scan speed,Line spacing,Layer thickness,STMPS-Width,,3641544.585,,,,,,,,,,a,0.00079983 
0,250,800,0.091,0.04,145.2986562,50.04836045,9072.618833,,,,,,,,,,b,0.00023471 
1,250,400,0.111,0.02,169.8582222,50.04835298,14354.40476,,,,,,,,,,c,0.00001128 
2,450,1200,0.104,0.04,152.7262222,162.0721427,87.34622941,,,,,,,,,,d,0.00000568 
3,250,600,0.123,0.06,143.3102222,50.04836037,8697.774876,,,,,,,,,,e,0.00001000 
4,400,800,0.162,0.04,198.9992222,128.0674378,5031.318041,,,,,,,,,,f,(0.00002277)
5,500,600,0.152,0.08,159.4012778,200.0760201,1654.434667,,,,,,,,,,g,0.00000997 
6,250,400,0.11,0.06,157.2547778,50.04835298,11493.21752,,,,,,,,,,h,0.00001000 
7,300,1000,0.078,0.04,143.3198334,72.05554668,5078.598561,,,,,,,,,,i,0.00001128 
8,250,600,0.05,0.06,143.3102222,50.04836037,8697.774876,,,,,,,,,,,
9,400,400,0.146,0.04,195.0905555,128.0674187,4492.100864,,,,,,,,,,,
10,500,600,0.161,0.06,167.5433333,200.0760201,1058.375711,,,,,,,,,,,
11,500,1200,0.096,0.04,162.7806667,200.0760205,1390.943415,,,,,,,,,,,
12,450,1000,0.139,0.04,169.2853612,162.0721427,52.03052054,,,,,,,,,,,
13,450,600,0.073,0.08,146.9088889,162.0721424,229.9242581,,,,,,,,,,,
14,350,400,0.185,0.06,178.6087778,98.06189116,6487.800943,,,,,,,,,,,
15,450,800,0.177,0.04,203.3556667,162.0721427,1704.329351,,,,,,,,,,,
16,500,800,0.018,0.08,143.3677779,200.0760205,3215.824775,,,,,,,,,,,
17,450,800,0.129,0.04,203.3556667,162.0721427,1704.329351,,,,,,,,,,,
18,350,600,0.147,0.06,155.0836667,98.06190565,3251.48123,,,,,,,,,,,
19,300,400,0.167,0.08,182.7452778,72.05553593,12252.21896,,,,,,,,,,,
20,350,800,0.105,0.04,169.6988889,98.0619058,5131.857346,,,,,,,,,,,
21,500,1200,0.056,0.04,162.7806667,200.0760205,1390.943415,,,,,,,,,,,
22,350,600,0.155,0.04,192.2185556,98.06190565,8865.474722,,,,,,,,,,,
23,200,400,0.043,0.08,151.7107778,32.04034232,14321.01312,,,,,,,,,,,
24,500,800,0.119,0.04,207.7121111,200.0760205,58.30988038,,,,,,,,,,,
25,200,400,0.14,0.04,182.1083333,32.04034232,22520.40193,,,,,,,,,,,
26,500,600,0.116,0.08,159.4012778,200.0760201,1654.434666,,,,,,,,,,,
27,200,800,0.064,0.04,143.7307779,32.0403471,12474.75233,,,,,,,,,,,
28,500,800,0.152,0.04,207.7121111,200.0760205,58.30988038,,,,,,,,,,,
29,500,600,0.085,0.08,159.4012778,200.0760201,1654.434666,,,,,,,,,,,
30,350,400,0.161,0.08,155.0034444,98.06189116,3242.34049,,,,,,,,,,,
31,400,1400,0.102,0.04,154.6487778,128.0674378,706.5676348,,,,,,,,,,,
32,400,400,0.189,0.04,240.6536667,128.0674187,12675.66323,,,,,,,,,,,
33,500,1800,0.103,0.04,146.541,200.0760205,2865.998416,,,,,,,,,,,
34,400,400,0.205,0.06,226.0102222,128.0674187,9592.792764,,,,,,,,,,,
35,450,1000,0.132,0.04,169.2853612,162.0721427,52.03052054,,,,,,,,,,,
36,500,800,0.128,0.08,143.3677779,200.0760205,3215.824775,,,,,,,,,,,
37,400,400,0.125,0.08,194.0905556,128.0674187,4359.054604,,,,,,,,,,,
38,400,600,0.144,0.06,154.9918889,128.0674376,724.9260771,,,,,,,,,,,
39,300,600,0.127,0.06,160.6951667,72.05554657,7856.982251,,,,,,,,,,,
40,500,1000,0.143,0.04,171.2036667,200.0760205,833.6128138,,,,,,,,,,,
41,500,1200,0.097,0.04,162.7806667,200.0760205,1390.943415,,,,,,,,,,,
42,350,400,0.18,0.04,269.3597778,98.06189116,29342.96596,,,,,,,,,,,
43,250,800,0.079,0.04,146.8691668,50.04836045,9374.268532,,,,,,,,,,,
44,500,600,0.186,0.06,167.5433333,200.0760201,1058.375711,,,,,,,,,,,
45,400,600,0.087,0.06,154.9918889,128.0674376,724.9260771,,,,,,,,,,,
46,500,600,0.113,0.06,167.5433333,200.0760201,1058.375711,,,,,,,,,,,
47,200,800,0.116,0.04,143.7307779,32.0403471,12474.75233,,,,,,,,,,,
48,350,400,0.185,0.04,269.3597778,98.06189116,29342.96596,,,,,,,,,,,
49,500,600,0.183,0.04,208.5036111,200.0760201,71.0242893,,,,,,,,,,,
50,500,600,0.123,0.08,151.2592222,200.0760201,2383.07976,,,,,,,,,,,
51,400,1000,0.123,0.04,167.3670556,128.0674378,1544.459955,,,,,,,,,,,
52,200,400,0.111,0.04,166.9095555,32.04034232,18189.70467,,,,,,,,,,,
53,250,400,0.152,0.06,157.2547778,50.04835298,11493.21752,,,,,,,,,,,
54,400,600,0.13,0.06,180.6761111,128.0674376,2767.672529,,,,,,,,,,,
55,300,600,0.1,0.06,160.6951667,72.05554657,7856.982251,,,,,,,,,,,
56,250,600,0.087,0.06,143.3102222,50.04836037,8697.774876,,,,,,,,,,,
57,200,400,0.129,0.08,151.7107778,32.04034232,14321.01312,,,,,,,,,,,
58,450,1000,0.104,0.04,169.2853612,162.0721427,52.03052054,,,,,,,,,,,
59,300,400,0.07,0.08,157.4081111,72.05553593,7285.06209,,,,,,,,,,,
60,450,600,0.152,0.06,161.8466667,162.0721424,0.050839323,,,,,,,,,,,
61,250,400,0.163,0.04,182.4616667,50.04835298,17533.28564,,,,,,,,,,,
62,400,1400,0.101,0.04,154.6487778,128.0674378,706.5676348,,,,,,,,,,,
63,450,600,0.089,0.08,154.3777778,162.0721424,59.20324741,,,,,,,,,,,
64,400,600,0.144,0.04,206.3603333,128.0674376,6129.777522,,,,,,,,,,,
65,200,600,0.08,0.04,165.8861771,32.04034705,17914.70623,,,,,,,,,,,
66,450,800,0.141,0.04,203.3556667,162.0721427,1704.329351,,,,,,,,,,,
67,450,600,0.113,0.06,161.8466667,162.0721424,0.050839323,,,,,,,,,,,
68,400,600,0.13,0.04,206.3603333,128.0674376,6129.777522,,,,,,,,,,,
69,450,600,0.145,0.04,241.6798889,162.0721424,6337.393295,,,,,,,,,,,
70,450,600,0.194,0.06,161.8466667,162.0721424,0.050839323,,,,,,,,,,,
71,400,400,0.212,0.06,226.0102222,128.0674187,9592.792764,,,,,,,,,,,
72,250,600,0.067,0.06,143.3102222,50.04836037,8697.774876,,,,,,,,,,,
73,300,600,0.067,0.06,146.6201111,72.05554657,5559.874285,,,,,,,,,,,
74,450,1200,0.085,0.04,152.7262222,162.0721427,87.34622941,,,,,,,,,,,
75,250,600,0.111,0.04,156.0775556,50.04836037,11242.19023,,,,,,,,,,,
77,450,1200,0.116,0.04,152.7262222,162.0721427,87.34622941,,,,,,,,,,,
78,350,1000,0.095,0.04,155.3434445,98.0619058,3281.174676,,,,,,,,,,,
79,450,600,0.159,0.04,241.6798889,162.0721424,6337.393295,,,,,,,,,,,
80,400,600,0.13,0.06,154.9918889,128.0674376,724.9260771,,,,,,,,,,,
81,400,600,0.159,0.04,206.3603333,128.0674376,6129.777522,,,,,,,,,,,
82,500,1600,0.093,0.04,144.2247778,200.0760205,3119.36131,,,,,,,,,,,
83,250,800,0.096,0.04,146.8691668,50.04836045,9374.268532,,,,,,,,,,,
84,350,400,0.108,0.04,157.592,98.06189116,3543.833858,,,,,,,,,,,
85,200,400,0.096,0,166.9095555,32.04034232,18189.70465,,,,,,,,,,,
86,200,400,0.085,0.04,182.1083333,32.04034232,22520.40193,,,,,,,,,,,
87,500,1000,0.134,0.04,171.2036667,200.0760205,833.6128138,,,,,,,,,,,
88,450,1000,0.122,0.04,169.2853612,162.0721427,52.03052054,,,,,,,,,,,
89,450,600,0.081,0.06,161.8466667,162.0721424,0.050839323,,,,,,,,,,,
90,350,400,0.165,0.04,269.3597778,98.06189116,29342.96596,,,,,,,,,,,
91,350,400,0.178,0.06,169.3946667,98.06189116,5088.364861,,,,,,,,,,,
92,350,400,0.19,0.06,178.6087778,98.06189116,6487.800943,,,,,,,,,,,
93,350,400,0.133,0.06,169.3946667,98.06189116,5088.364861,,,,,,,,,,,
94,500,1600,0.083,0.04,144.2247778,200.0760205,3119.36131,,,,,,,,,,,
95,350,1000,0.117,0.04,155.3434445,98.0619058,3281.174676,,,,,,,,,,,
96,300,800,0.097,0.04,150.0075556,72.05554668,6076.515687,,,,,,,,,,,
97,500,800,0.147,0.08,175.5399445,200.0760205,602.0190227,,,,,,,,,,,
98,500,1800,0.068,0.04,146.541,200.0760205,2865.998416,,,,,,,,,,,
99,450,600,0.129,0.06,161.8466667,162.0721424,0.050839323,,,,,,,,,,,
100,300,1000,0.093,0.04,143.3198334,72.05554668,5078.598561,,,,,,,,,,,
101,450,1200,0.135,0.04,152.7262222,162.0721427,87.34622941,,,,,,,,,,,
102,500,800,0.151,0.04,207.7121111,200.0760205,58.30988038,,,,,,,,,,,
103,500,600,0.191,0.02,208.5036111,200.0760201,71.02428908,,,,,,,,,,,
104,500,800,0.164,0.04,207.7121111,200.0760205,58.30988038,,,,,,,,,,,
105,400,600,0.159,0.08,180.6761111,128.0674376,2767.67253,,,,,,,,,,,
106,400,800,0.138,0.04,198.9992222,128.0674378,5031.318041,,,,,,,,,,,
107,500,600,0.191,0.06,167.5433333,200.0760201,1058.375711,,,,,,,,,,,
108,250,600,0.099,0.04,156.0775556,50.04836037,11242.19023,,,,,,,,,,,
109,450,600,0.166,0.08,154.3777778,162.0721424,59.20324746,,,,,,,,,,,
110,500,800,0.092,0.08,143.3677779,200.0760205,3215.824775,,,,,,,,,,,
111,350,600,0.155,0.06,155.0836667,98.06190565,3251.48123,,,,,,,,,,,
112,200,800,0.081,0.04,143.7307779,32.0403471,12474.75233,,,,,,,,,,,
113,200,400,0.118,0.04,182.1083333,32.04034232,22520.40193,,,,,,,,,,,
114,450,600,0.173,0.06,161.8466667,162.0721424,0.050839323,,,,,,,,,,,
115,350,400,0.163,0.06,169.3946667,98.06189116,5088.364861,,,,,,,,,,,
116,300,1000,0.108,0.04,143.3198334,72.05554668,5078.598561,,,,,,,,,,,
117,350,400,0.043,0.08,155.0034444,98.06189116,3242.34049,,,,,,,,,,,
118,500,1200,0.117,0.04,162.7806667,200.0760205,1390.943415,,,,,,,,,,,
119,500,600,0.187,0.06,167.5433333,200.0760201,1058.375711,,,,,,,,,,,
120,350,400,0.123,0.08,155.0034444,98.06189116,3242.34049,,,,,,,,,,,
121,250,400,0.055,0.08,154.1232222,50.04835298,10831.57841,,,,,,,,,,,
122,450,1000,0.116,0.04,169.2853612,162.0721427,52.03052054,,,,,,,,,,,
123,200,400,0.058,0.08,151.7107778,32.04034232,14321.01312,,,,,,,,,,,
124,400,400,0.197,0.08,159.1708889,128.0674187,967.4258592,,,,,,,,,,,
125,250,400,0.108,0.08,154.1232222,50.04835298,10831.57841,,,,,,,,,,,
127,150,600,0.096,0.04,165.8945383,18.03150662,21863.47615,,,,,,,,,,,
129,350,400,0.147,0.06,178.6087778,98.06189116,6487.800943,,,,,,,,,,,
130,300,600,0.109,0.04,174.7702222,72.05554657,10550.30459,,,,,,,,,,,
131,500,600,0.132,0.06,167.5433333,200.0760201,1058.375711,,,,,,,,,,,
132,450,600,0.166,0.06,161.8466667,162.0721424,0.050839323,,,,,,,,,,,
133,450,600,0.138,0.04,241.6798889,162.0721424,6337.393295,,,,,,,,,,,
134,500,1600,0.094,0.04,144.2247778,200.0760205,3119.36131,,,,,,,,,,,
135,250,600,0.099,0.06,143.3102222,50.04836037,8697.774876,,,,,,,,,,,
136,350,400,0.085,0.08,155.0034444,98.06189116,3242.34049,,,,,,,,,,,
137,400,400,0.174,0.06,226.0102222,128.0674187,9592.792764,,,,,,,,,,,
138,250,800,0.129,0.04,146.8691667,50.04836045,9374.268532,,,,,,,,,,,
139,400,400,0.197,0.06,226.0102222,128.0674187,9592.792764,,,,,,,,,,,
140,250,600,0.087,0.04,156.0775556,50.04836037,11242.19023,,,,,,,,,,,
141,400,400,0.16,0.04,240.6536667,128.0674187,12675.66323,,,,,,,,,,,
142,300,400,0.16,0.08,157.4081111,72.05553593,7285.06209,,,,,,,,,,,
143,200,400,0.073,0.08,151.7107778,32.04034232,14321.01312,,,,,,,,,,,
144,250,600,0.031,0.06,143.3102222,50.04836037,8697.774876,,,,,,,,,,,
145,500,1600,0.104,0.04,144.2247778,200.0760205,3119.36131,,,,,,,,,,,
146,400,400,0.205,0.04,240.6536667,128.0674187,12675.66323,,,,,,,,,,,
147,350,1000,0.063,0.04,155.3434445,98.0619058,3281.174676,,,,,,,,,,,
148,200,400,0.118,0.08,151.7107778,32.04034232,14321.01312,,,,,,,,,,,
149,500,1000,0.133,0.04,171.2036667,200.0760205,833.6128138,,,,,,,,,,,
150,500,800,0.197,0.04,207.7121111,200.0760205,58.30988038,,,,,,,,,,,
151,200,400,0.073,0.08,151.7107778,32.04034232,14321.01312,,,,,,,,,,,
152,200,400,0.077,0.08,151.7107778,32.04034232,14321.01312,,,,,,,,,,,
153,250,400,0.142,0.08,154.1232222,50.04835298,10831.57841,,,,,,,,,,,
154,500,1600,0.093,0.04,144.2247778,200.0760205,3119.36131,,,,,,,,,,,
155,400,400,0.153,0.08,159.6708889,128.0674187,998.7793293,,,,,,,,,,,
156,450,600,0.071,0.08,146.9088889,162.0721424,229.9242581,,,,,,,,,,,
157,500,1800,0.11,0.04,146.541,200.0760205,2865.998416,,,,,,,,,,,
158,200,800,0.099,0.04,143.7307779,32.0403471,12474.75233,,,,,,,,,,,
159,400,400,0.205,0.04,233.3319444,128.0674187,11080.62038,,,,,,,,,,,
160,500,1600,0.114,0.04,144.2247778,200.0760205,3119.36131,,,,,,,,,,,
161,400,400,0.137,0.06,226.0102222,128.0674187,9592.792764,,,,,,,,,,,
162,400,1000,0.113,0.04,167.3670556,128.0674378,1544.459955,,,,,,,,,,,
163,500,600,0.179,0.06,167.5433333,200.0760201,1058.375711,,,,,,,,,,,
164,450,1200,0.091,0.04,152.7262222,162.0721427,87.34622941,,,,,,,,,,,
165,250,400,0.163,0.06,155.689,50.04835298,11159.9463,,,,,,,,,,,
166,300,600,0.127,0.04,174.7702222,72.05554657,10550.30459,,,,,,,,,,,
167,250,400,0.091,0.06,155.689,50.04835298,11159.9463,,,,,,,,,,,
168,250,400,0.072,0.1,155.689,50.04835298,11159.9463,,,,,,,,,,,
169,300,800,0.142,0.04,150.0075556,72.05554668,6076.515687,,,,,,,,,,,
170,350,600,0.055,0.06,155.0836667,98.06190565,3251.48123,,,,,,,,,,,
171,300,400,0.188,0.04,182.7452777,72.05553593,12252.21894,,,,,,,,,,,
172,350,400,0.175,0.06,178.6087778,98.06189116,6487.800943,,,,,,,,,,,
173,350,600,0.102,0.06,155.0836667,98.06190565,3251.48123,,,,,,,,,,,
174,350,1000,0.134,0.04,155.3434445,98.0619058,3281.174676,,,,,,,,,,,
175,300,800,0.06,0.04,150.0075556,72.05554668,6076.515687,,,,,,,,,,,
176,300,1000,0.092,0.04,143.3198334,72.05554668,5078.598561,,,,,,,,,,,
177,400,400,0.212,0.04,240.6536667,128.0674187,12675.66323,,,,,,,,,,,
178,300,400,0.147,0.04,182.7452777,72.05553593,12252.21894,,,,,,,,,,,
179,400,600,0.16,0.06,154.9918889,128.0674376,724.9260771,,,,,,,,,,,
180,250,400,0.141,0.08,155.689,50.04835298,11159.9463,,,,,,,,,,,
181,500,1000,0.156,0.04,171.2036667,200.0760205,833.6128138,,,,,,,,,,,
182,500,1800,0.082,0.04,146.541,200.0760205,2865.998416,,,,,,,,,,,
183,500,600,0.17,0.06,167.5433333,200.0760201,1058.375711,,,,,,,,,,,
184,250,400,0.131,0.06,157.2547778,50.04835298,11493.21752,,,,,,,,,,,
185,300,600,0.069,0.06,160.6951667,72.05554657,7856.982253,,,,,,,,,,,
186,350,600,0.131,0.06,173.6511111,98.06190565,5713.727983,,,,,,,,,,,
187,350,400,0.19,0.04,269.3597778,98.06189116,29342.96596,,,,,,,,,,,
188,350,600,0.065,0.06,155.0836667,98.06190565,3251.48123,,,,,,,,,,,
189,400,400,0.198,0.06,226.0102222,128.0674187,9592.792764,,,,,,,,,,,
190,250,400,0.121,0.06,157.2547778,50.04835298,11493.21752,,,,,,,,,,,
191,400,800,0.12,0.04,198.9992222,128.0674378,5031.318041,,,,,,,,,,,
192,350,400,0.147,0.06,160.1805556,98.06189116,3858.728466,,,,,,,,,,,
193,350,400,0.18,0.06,178.6087778,98.06189116,6487.800943,,,,,,,,,,,
194,400,1400,0.075,0.04,154.6487778,128.0674378,706.5676348,,,,,,,,,,,
195,300,400,0.124,0.06,160.1805556,72.05553593,7766.019084,,,,,,,,,,,
196,400,1400,0.095,0.04,154.6487778,128.0674378,706.5676348,,,,,,,,,,,
197,150,600,0.123,0.04,165.8945383,18.03150662,21863.47615,,,,,,,,,,,
198,300,800,0.12,0.04,150.0075556,72.05554668,6076.515687,,,,,,,,,,,
199,250,600,0.075,0.06,143.3102222,50.04836037,8697.774876,,,,,,,,,,,
200,250,400,0.089,0.04,182.4616667,50.04835298,17533.28564,,,,,,,,,,,
201,300,600,0.118,0.04,174.7702222,72.05554657,10550.30459,,,,,,,,,,,
202,350,800,0.153,0.04,169.6988889,98.0619058,5131.857346,,,,,,,,,,,
203,250,600,0.135,0.04,156.0775556,50.04836037,11242.19023,,,,,,,,,,,
204,450,600,0.187,0.04,241.6798889,162.0721424,6337.393295,,,,,,,,,,,
205,300,600,0.172,0.04,174.7702222,72.05554657,10550.30459,,,,,,,,,,,
206,350,1000,0.101,0.04,155.3434445,98.0619058,3281.174676,,,,,,,,,,,
207,450,800,0.159,0.04,203.3556667,162.0721427,1704.329351,,,,,,,,,,,
208,400,1000,0.11,0.04,167.3670556,128.0674378,1544.459955,,,,,,,,,,,
209,350,400,0.165,0.04,269.3597778,98.06189116,29342.96596,,,,,,,,,,,
210,350,400,0.116,0.04,166.8061111,98.06189116,4725.767774,,,,,,,,,,,
211,400,800,0.108,0.04,198.9992222,128.0674378,5031.318041,,,,,,,,,,,
212,500,800,0.11,0.08,143.3677779,200.0760205,3215.824775,,,,,,,,,,,
213,500,1200,0.131,0.04,162.7806667,200.0760205,1390.943415,,,,,,,,,,,
214,250,600,0.123,0.08,156.0775556,50.04836037,11242.19023,,,,,,,,,,,
215,400,400,0.088,0.08,163.1708889,128.0674187,1232.253621,,,,,,,,,,,
216,500,1000,0.125,0.04,171.2036667,200.0760205,833.6128138,,,,,,,,,,,
217,400,1400,0.096,0.04,154.6487778,128.0674378,706.5676348,,,,,,,,,,,
218,400,1000,0.1,0.04,167.3670556,128.0674378,1544.459955,,,,,,,,,,,
219,350,600,0.123,0.04,192.2185556,98.06190565,8865.474722,,,,,,,,,,,
220,350,600,0.107,0.06,155.0836667,98.06190565,3251.48123,,,,,,,,,,,
221,350,800,0.105,0.04,169.6988889,98.0619058,5131.857346,,,,,,,,,,,
222,400,800,0.168,0.04,198.9992222,128.0674378,5031.318041,,,,,,,,,,,
223,300,800,0.104,0.04,150.0075556,72.05554668,6076.515687,,,,,,,,,,,
224,300,1000,0.07,0.04,143.3198334,72.05554668,5078.598561,,,,,,,,,,,
225,350,400,0.148,0.06,178.6087778,98.06189116,6487.800943,,,,,,,,,,,
226,450,600,0.173,0.04,241.6798889,162.0721424,6337.393295,,,,,,,,,,,
227,350,600,0.155,0.08,173.6511111,98.06190565,5713.727984,,,,,,,,,,,
228,300,600,0.136,0.04,174.7702222,72.05554657,10550.30459,,,,,,,,,,,
229,400,600,0.102,0.06,180.6761111,128.0674376,2767.67253,,,,,,,,,,,
230,250,400,0.098,0.06,157.2547778,50.04835298,11493.21752,,,,,,,,,,,
231,350,400,0.175,0.08,166.8061111,98.06189116,4725.767777,,,,,,,,,,,
232,400,600,0.145,0.02,180.6761111,128.0674376,2767.672527,,,,,,,,,,,
233,400,1000,0.114,0.04,167.3670556,128.0674378,1544.459955,,,,,,,,,,,
234,400,400,0.182,0.02,233.3319444,128.0674187,11080.62038,,,,,,,,,,,
235,400,1400,0.08,0.04,154.6487778,128.0674378,706.5676348,,,,,,,,,,,
236,300,400,0.16,0.08,157.4081111,72.05553593,7285.06209,,,,,,,,,,,
237,300,400,0.088,0.08,157.4081111,72.05553593,7285.06209,,,,,,,,,,,
238,350,400,0.166,0.06,169.3946667,98.06189116,5088.364861,,,,,,,,,,,
239,450,800,0.153,0.04,203.3556667,162.0721427,1704.329351,,,,,,,,,,,
240,300,1000,0.1,0.04,143.3198334,72.05554668,5078.598561,,,,,,,,,,,
241,200,800,0.037,0.04,143.7307779,32.0403471,12474.75233,,,,,,,,,,,
242,250,400,0.125,0.08,154.1232222,50.04835298,10831.57841,,,,,,,,,,,
243,350,800,0.123,0.04,169.6988889,98.0619058,5131.857346,,,,,,,,,,,
244,350,400,0.144,0.1,157.592,98.06189116,3543.833858,,,,,,,,,,,
245,300,600,0.136,0.06,146.6201111,72.05554657,5559.874285,,,,,,,,,,,
246,200,800,0.073,0.04,143.7307779,32.0403471,12474.75233,,,,,,,,,,,
247,350,400,0.16,0.06,160.1805556,98.06189116,3858.728466,,,,,,,,,,,
248,250,400,0.141,0.04,182.4616667,50.04835298,17533.28564,,,,,,,,,,,
249,400,400,0.13,0.08,163.6708889,128.0674187,1267.607091,,,,,,,,,,,
0,500,1000,0.165,0.06,125.3593333,200.0760205,5582.583336,,,,,,,,,,,
1,400,600,0.067,0.08,140.718,128.0674376,160.036729,,,,,,,,,,,
2,450,800,0.102,0.08,135.6652223,162.0721427,697.3254445,,,,,,,,,,,
3,350,800,0.117,0.06,116.9185556,98.0619058,355.57324,,,,,,,,,,,
4,300,1000,0.054,0.06,112.5020741,72.05554668,1635.92158,,,,,,,,,,,
5,400,1200,0.112,0.04,135.7348889,128.0674378,58.78980615,,,,,,,,,,,
6,200,400,0.085,0.06,133.64525,32.04034232,10323.55726,,,,,,,,,,,
7,450,1200,0.104,0.06,112.4717778,162.0721427,2460.1962,,,,,,,,,,,
8,450,1200,0.122,0.06,112.4717778,162.0721427,2460.1962,,,,,,,,,,,
9,450,1000,0.127,0.06,122.6160555,162.0721427,1556.782812,,,,,,,,,,,
10,400,800,0.138,0.06,124.8394445,128.0674378,10.41994109,,,,,,,,,,,
11,350,1400,0.039,0.04,118.3416667,98.0619058,411.2687008,,,,,,,,,,,
12,450,1600,0.089,0.04,122.9661111,162.0721427,1529.281706,,,,,,,,,,,
13,500,1000,0.138,0.08,128.0058889,200.0760205,5194.103865,,,,,,,,,,,
14,450,1200,0.097,0.06,112.4717778,162.0721427,2460.1962,,,,,,,,,,,
15,500,1200,0.01,0.06,113.7256667,200.0760205,7456.383595,,,,,,,,,,,
16,500,2000,0.092,0.04,136.146,200.0760205,4087.047516,,,,,,,,,,,
17,300,800,0.112,0.06,116.3973704,72.05554668,1966.197331,,,,,,,,,,,
18,300,1000,0.092,0.06,112.5020741,72.05554668,1635.92158,,,,,,,,,,,
19,450,800,0.135,0.06,132.7603333,162.0721427,859.1821678,,,,,,,,,,,
20,500,1600,0.107,0.06,97.9152221,200.0760205,10436.82872,,,,,,,,,,,
21,400,1000,0.09,0.04,120.7525555,128.0674378,53.50750275,,,,,,,,,,,
22,250,1000,0.078,0.04,131.2962223,50.04836045,6601.215055,,,,,,,,,,,
23,450,1200,0.091,0.06,112.4717778,162.0721427,2460.1962,,,,,,,,,,,
24,400,600,0.118,0.08,140.718,128.0674376,160.036729,,,,,,,,,,,
25,400,1000,0.096,0.06,121.8162223,128.0674378,39.07769589,,,,,,,,,,,
26,350,600,0.059,0.08,134.5271111,98.06190565,1329.71121,,,,,,,,,,,
27,500,1000,0.078,0.08,130.6524444,200.0760205,4819.632907,,,,,,,,,,,
28,450,800,0.147,0.06,132.7603333,162.0721427,859.1821678,,,,,,,,,,,
29,450,1400,0.077,0.06,101.6982222,162.0721427,3645.010273,,,,,,,,,,,
30,250,800,0.054,0.06,115.355,50.04836045,4264.957169,,,,,,,,,,,
31,450,1200,0.067,0.06,112.4717778,162.0721427,2460.1962,,,,,,,,,,,
32,350,800,0.129,0.06,116.9185556,98.0619058,355.57324,,,,,,,,,,,
33,450,1200,0.11,0.06,112.4717778,162.0721427,2460.1962,,,,,,,,,,,
34,400,2000,0.097,0.04,118.388,128.0674378,93.69151619,,,,,,,,,,,
35,250,800,0.093,0.06,115.355,50.04836045,4264.957169,,,,,,,,,,,
36,450,1400,0.101,0.04,137.9857778,162.0721427,580.1529747,,,,,,,,,,,
37,500,800,0.196,0.06,140.6812222,200.0760205,3527.742067,,,,,,,,,,,
38,450,2000,0.084,0.04,121.0836667,162.0721427,1680.055167,,,,,,,,,,,
39,450,1000,0.086,0.06,122.6160556,162.0721427,1556.782812,,,,,,,,,,,
40,400,800,0.126,0.06,124.8394445,128.0674378,10.41994109,,,,,,,,,,,
41,350,600,0.058,0.08,134.5271111,98.06190565,1329.71121,,,,,,,,,,,
42,350,1000,0.09,0.06,113.4412778,98.0619058,236.5250831,,,,,,,,,,,
43,250,1000,0.045,0.04,131.2962223,50.04836045,6601.215055,,,,,,,,,,,
44,250,800,0.078,0.06,115.355,50.04836045,4264.957169,,,,,,,,,,,
45,500,1800,0.103,0.06,83.523,200.0760205,13584.60658,,,,,,,,,,,
46,250,800,0.112,0.06,115.355,50.04836045,4264.957169,,,,,,,,,,,
47,500,1600,0.03,0.06,97.9152221,200.0760205,10436.82872,,,,,,,,,,,
48,450,1400,0.093,0.04,137.9857778,162.0721427,580.1529747,,,,,,,,,,,
49,500,1000,0.138,0.08,130.6524444,200.0760205,4819.632907,,,,,,,,,,,
50,400,2000,0.069,0.04,118.388,128.0674378,93.69151619,,,,,,,,,,,
51,400,1200,0.074,0.04,135.7348889,128.0674378,58.78980615,,,,,,,,,,,
52,350,800,0.081,0.06,116.9185556,98.0619058,355.57324,,,,,,,,,,,
53,400,1800,0.1,0.04,113.367,128.0674378,216.1028716,,,,,,,,,,,
54,350,1200,0.04,0.06,109.964,98.0619058,141.6598463,,,,,,,,,,,
55,400,1000,0.072,0.06,120.7525555,128.0674378,53.50750275,,,,,,,,,,,
56,350,1400,0.104,0.04,118.3416667,98.0619058,411.2687008,,,,,,,,,,,
57,250,1000,0.067,0.04,131.2962223,50.04836045,6601.215055,,,,,,,,,,,
58,300,800,0.127,0.06,116.3973704,72.05554668,1966.197331,,,,,,,,,,,
59,300,1000,0.07,0.06,112.5020741,72.05554668,1635.92158,,,,,,,,,,,
60,400,2000,0.088,0.04,118.388,128.0674378,93.69151619,,,,,,,,,,,
61,500,1200,0.124,0.06,113.7256667,200.0760205,7456.383595,,,,,,,,,,,
62,450,800,0.068,0.08,135.6652223,162.0721427,697.3254445,,,,,,,,,,,
63,400,1000,0.081,0.04,120.7525555,128.0674378,53.50750275,,,,,,,,,,,
64,450,2000,0.093,0.04,121.0836667,162.0721427,1680.055167,,,,,,,,,,,
65,450,1400,0.025,0.06,119.842,162.0721427,1783.384951,,,,,,,,,,,
66,300,800,0.097,0.06,116.3973704,72.05554668,1966.197331,,,,,,,,,,,
67,450,1400,0.121,0.04,137.9857778,162.0721427,580.1529747,,,,,,,,,,,
68,350,1200,0.086,0.04,114.5516667,98.0619058,271.9122134,,,,,,,,,,,
69,350,1000,0.03,0.06,113.4412778,98.0619058,236.5250831,,,,,,,,,,,
70,500,1400,0.142,0.06,105.8204444,200.0760205,8884.113619,,,,,,,,,,,
71,200,400,0.096,0.06,133.64525,32.04034232,10323.55726,,,,,,,,,,,
72,200,400,0.095,0.06,133.64525,32.04034232,10323.55726,,,,,,,,,,,
73,400,1600,0.07,0.04,124.7087778,128.0674378,11.28059717,,,,,,,,,,,
74,500,1000,0.097,0.06,125.3593333,200.0760205,5582.583336,,,,,,,,,,,
75,500,1600,0.043,0.06,97.9152221,200.0760205,10436.82872,,,,,,,,,,,
76,350,800,0.085,0.1,118.5893333,98.0619058,421.3752811,,,,,,,,,,,
77,400,1000,0.114,0.08,120.7525555,128.0674378,53.50750274,,,,,,,,,,,
78,350,1200,0.078,0.04,114.5516667,98.0619058,271.9122134,,,,,,,,,,,
79,350,800,0.067,0.08,120.2601111,98.0619058,492.760319,,,,,,,,,,,
80,500,1200,0.104,0.06,113.7256667,200.0760205,7456.383595,,,,,,,,,,,
81,400,1200,0.096,0.04,135.7348889,128.0674378,58.78980615,,,,,,,,,,,
82,450,800,0.165,0.06,132.7603333,162.0721427,859.1821678,,,,,,,,,,,
83,350,1200,0.077,0.06,109.964,98.0619058,141.6598463,,,,,,,,,,,
84,500,1600,0.076,0.06,97.9152221,200.0760205,10436.82872,,,,,,,,,,,
85,500,1400,0.11,0.06,105.8204444,200.0760205,8884.113619,,,,,,,,,,,
86,350,1200,0.054,0.06,109.964,98.0619058,141.6598463,,,,,,,,,,,
87,400,1200,0.065,0.06,111.2178889,128.0674378,283.9072982,,,,,,,,,,,
88,300,1000,0.047,0.06,112.5020741,72.05554668,1635.92158,,,,,,,,,,,
89,500,800,0.158,0.06,140.6812222,200.0760205,3527.742067,,,,,,,,,,,
90,350,600,0.123,0.08,134.5271111,98.06190565,1329.71121,,,,,,,,,,,
91,500,1400,0.07,0.06,105.8204444,200.0760205,8884.113619,,,,,,,,,,,
92,450,800,0.051,0.08,135.6652223,162.0721427,697.3254445,,,,,,,,,,,
93,400,600,0.186,0.08,140.718,128.0674376,160.036729,,,,,,,,,,,
94,450,1000,0.127,0.1,122.8938333,162.0721427,1534.939929,,,,,,,,,,,
95,400,1200,0.057,0.06,111.2178889,128.0674378,283.9072982,,,,,,,,,,,
96,400,600,0.152,0.08,140.718,128.0674376,160.036729,,,,,,,,,,,
97,400,1000,0.075,0.08,119.6888888,128.0674378,70.2000834,,,,,,,,,,,
98,400,1200,0.089,0.04,135.7348889,128.0674378,58.78980615,,,,,,,,,,,
99,400,1000,0.062,0.08,119.6888888,128.0674378,70.2000834,,,,,,,,,,,
101,350,1000,0.08,0.06,113.4412778,98.0619058,236.5250831,,,,,,,,,,,
102,500,1400,0.114,0.06,105.8204444,200.0760205,8884.113619,,,,,,,,,,,
103,500,1800,0.11,0.06,83.523,200.0760205,13584.60658,,,,,,,,,,,
104,450,1400,0.097,0.06,101.6982222,162.0721427,3645.010273,,,,,,,,,,,
105,400,800,0.144,0.06,124.8394445,128.0674378,10.41994109,,,,,,,,,,,
106,400,800,0.138,0.08,126.4010556,128.0674378,2.776829786,,,,,,,,,,,
107,400,1000,0.05,0.08,119.6888888,128.0674378,70.2000834,,,,,,,,,,,
108,350,1000,0.095,0.06,113.4412778,98.0619058,236.5250831,,,,,,,,,,,
109,450,1200,0.073,0.06,112.4717778,162.0721427,2460.1962,,,,,,,,,,,
110,450,1200,0.057,0.06,112.4717778,162.0721427,2460.1962,,,,,,,,,,,
111,450,1000,0.105,0.06,122.6160556,162.0721427,1556.782812,,,,,,,,,,,
112,400,1200,0.112,0.06,111.2178889,128.0674378,283.9072982,,,,,,,,,,,
113,350,1600,0.107,0.04,122.2921667,98.0619058,587.1055432,,,,,,,,,,,
114,300,1200,0.108,0.04,136.6321111,72.05554668,4170.132673,,,,,,,,,,,
115,350,1200,0.111,0.02,112.2578333,98.0619058,201.5243585,,,,,,,,,,,
116,500,800,0.171,0.06,140.6812222,200.0760205,3527.742067,,,,,,,,,,,
117,500,2000,0.083,0.04,136.146,200.0760205,4087.047516,,,,,,,,,,,
118,500,800,0.151,0.06,140.6812222,200.0760205,3527.742067,,,,,,,,,,,
119,250,800,0.104,0.06,115.355,50.04836045,4264.957169,,,,,,,,,,,
120,400,1800,0.103,0.04,117.3950859,128.0674378,113.8990949,,,,,,,,,,,
121,350,800,0.137,0.08,120.2601111,98.0619058,492.760319,,,,,,,,,,,
122,300,1200,0.117,0.04,136.6321111,72.05554668,4170.132673,,,,,,,,,,,
123,400,2000,0.078,0.04,118.388,128.0674378,93.69151619,,,,,,,,,,,
124,350,1000,0.106,0.06,113.4412778,98.0619058,236.5250831,,,,,,,,,,,
125,500,1800,0.089,0.06,83.523,200.0760205,13584.60658,,,,,,,,,,,
126,400,800,0.094,0.06,126.4010556,128.0674378,2.776829784,,,,,,,,,,,
127,500,1000,0.108,0.08,130.6524444,200.0760205,4819.632907,,,,,,,,,,,
128,500,1400,0.06,0.06,105.8204444,200.0760205,8884.113619,,,,,,,,,,,
129,500,1800,0.082,0.06,83.523,200.0760205,13584.60658,,,,,,,,,,,
130,350,1400,0.103,0.04,118.3416667,98.0619058,411.2687008,,,,,,,,,,,
131,300,800,0.07,0.06,116.3973704,72.05554668,1966.197331,,,,,,,,,,,
133,500,1000,0.083,0.06,128.0058889,200.0760205,5194.103865,,,,,,,,,,,
134,350,1200,0.095,0.06,109.964,98.0619058,141.6598463,,,,,,,,,,,
135,450,1000,0.055,0.08,122.8938333,162.0721427,1534.939929,,,,,,,,,,,
136,500,2000,0.101,0.04,136.146,200.0760205,4087.047516,,,,,,,,,,,
137,350,800,0.07,0.06,118.5893333,98.0619058,421.3752811,,,,,,,,,,,
138,450,1000,0.11,0.06,122.6160556,162.0721427,1556.782812,,,,,,,,,,,
139,450,800,0.06,0.06,132.7603333,162.0721427,859.1821678,,,,,,,,,,,
140,500,2000,0.074,0.04,136.146,200.0760205,4087.047516,,,,,,,,,,,
141,450,1800,0.065,0.04,121.4217778,162.0721427,1652.452168,,,,,,,,,,,
142,350,1600,0.089,0.04,122.2921667,98.0619058,587.1055432,,,,,,,,,,,
143,400,1000,0.123,0.06,121.8162223,128.0674378,39.07769589,,,,,,,,,,,
144,450,800,0.141,0.06,132.7603333,162.0721427,859.1821678,,,,,,,,,,,
145,400,1000,0.101,0.1,120.7525555,128.0674378,53.50750274,,,,,,,,,,,
146,450,1000,0.097,0.1,122.8938333,162.0721427,1534.939929,,,,,,,,,,,
147,500,1000,0.133,0.06,125.3593333,200.0760205,5582.583336,,,,,,,,,,,
148,250,800,0.047,0.06,115.355,50.04836045,4264.957169,,,,,,,,,,,
149,500,800,0.081,0.06,140.6812222,200.0760205,3527.742067,,,,,,,,,,,
150,450,800,0.165,0.06,132.7603333,162.0721427,859.1821678,,,,,,,,,,,
151,500,1600,0.096,0.06,97.9152221,200.0760205,10436.82872,,,,,,,,,,,
152,500,1800,0.05,0.06,83.523,200.0760205,13584.60658,,,,,,,,,,,
153,400,800,0.06,0.08,127.9626667,128.0674378,0.010976991,,,,,,,,,,,
154,200,400,0.14,0.06,133.64525,32.04034232,10323.55726,,,,,,,,,,,
155,400,800,0.106,0.08,127.9626667,128.0674378,0.010976991,,,,,,,,,,,
156,400,1200,0.096,0.02,123.4763889,128.0674378,21.07773011,,,,,,,,,,,
157,350,1000,0.112,0.06,113.4412778,98.0619058,236.5250831,,,,,,,,,,,
158,450,1600,0.088,0.04,122.9661111,162.0721427,1529.281706,,,,,,,,,,,
159,450,1400,0.089,0.04,137.9857778,162.0721427,580.1529747,,,,,,,,,,,
160,450,1600,0.074,0.04,122.9661111,162.0721427,1529.281706,,,,,,,,,,,
161,400,1600,0.116,0.04,124.7087778,128.0674378,11.28059717,,,,,,,,,,,
162,200,400,0.129,0.06,133.64525,32.04034232,10323.55726,,,,,,,,,,,
163,350,800,0.081,0.04,118.5893333,98.0619058,421.3752811,,,,,,,,,,,
164,500,1200,0.123,0.06,113.7256667,200.0760205,7456.383595,,,,,,,,,,,
165,400,1800,0.084,0.04,113.367,128.0674378,216.1028716,,,,,,,,,,,
166,250,1000,0.056,0.04,131.2962223,50.04836045,6601.215055,,,,,,,,,,,
167,400,1600,0.076,0.04,124.7087778,128.0674378,11.28059717,,,,,,,,,,,
168,450,1000,0.139,0.06,122.6160556,162.0721427,1556.782812,,,,,,,,,,,
169,500,1400,0.07,0.06,105.8204444,200.0760205,8884.113619,,,,,,,,,,,
170,450,1400,0.093,0.06,101.6982222,162.0721427,3645.010273,,,,,,,,,,,
171,400,1200,0.073,0.06,111.2178889,128.0674378,283.9072982,,,,,,,,,,,
172,500,2000,0.11,0.04,136.146,200.0760205,4087.047516,,,,,,,,,,,
173,450,1800,0.102,0.04,117.3936919,162.0721427,1996.163968,,,,,,,,,,,
174,300,1000,0.062,0.06,112.5020741,72.05554668,1635.92158,,,,,,,,,,,
175,250,800,0.078,0.06,115.355,50.04836045,4264.957169,,,,,,,,,,,
176,400,1200,0.073,0.02,123.4763889,128.0674378,21.0777301,,,,,,,,,,,
177,450,1000,0.048,0.06,122.6160556,162.0721427,1556.782812,,,,,,,,,,,
178,350,800,0.099,0.06,116.9185556,98.0619058,355.57324,,,,,,,,,,,
179,450,1400,0.076,0.06,101.6982222,162.0721427,3645.010273,,,,,,,,,,,
180,500,1800,0.1,0.06,83.523,200.0760205,13584.60658,,,,,,,,,,,
181,400,1200,0.081,0.06,111.2178889,128.0674378,283.9072982,,,,,,,,,,,
182,250,1000,0.089,0.04,131.2962223,50.04836045,6601.215055,,,,,,,,,,,
183,300,1200,0.056,0.04,136.6321111,72.05554668,4170.132673,,,,,,,,,,,
184,300,1000,0.093,0.06,112.5020741,72.05554668,1635.92158,,,,,,,,,,,
185,350,1200,0.095,0.04,114.5516667,98.0619058,271.9122134,,,,,,,,,,,
186,500,1800,0.067,0.06,83.523,200.0760205,13584.60658,,,,,,,,,,,
187,250,1000,0.122,0.04,131.2962223,50.04836045,6601.215055,,,,,,,,,,,
188,500,1000,0.089,0.08,128.0058889,200.0760205,5194.103865,,,,,,,,,,,
189,350,1200,0.062,0.06,109.964,98.0619058,141.6598463,,,,,,,,,,,
190,500,1000,0.129,0.06,125.3593333,200.0760205,5582.583336,,,,,,,,,,,
191,200,400,0.151,0.06,133.64525,32.04034232,10323.55726,,,,,,,,,,,
192,450,1400,0.105,0.06,101.6982222,162.0721427,3645.010273,,,,,,,,,,,
193,400,600,0.084,0.08,140.718,128.0674376,160.036729,,,,,,,,,,,
194,500,2000,0.074,0.04,119.7352588,200.0760205,6454.637979,,,,,,,,,,,
195,500,1000,0.134,0.06,125.3593333,200.0760205,5582.583336,,,,,,,,,,,
196,300,1000,0.086,0.06,112.5020741,72.05554668,1635.92158,,,,,,,,,,,
197,400,1800,0.02,0.04,113.367,128.0674378,216.1028716,,,,,,,,,,,
198,500,1600,0.08,0.06,97.9152221,200.0760205,10436.82872,,,,,,,,,,,
199,350,800,0.095,0.08,120.2601111,98.0619058,492.760319,,,,,,,,,,,
200,450,1000,0.098,0.06,122.6160556,162.0721427,1556.782812,,,,,,,,,,,
201,300,800,0.08,0.06,116.3973704,72.05554668,1966.197331,,,,,,,,,,,
202,400,1000,0.088,0.08,119.6888888,128.0674378,70.2000834,,,,,,,,,,,
203,350,800,0.053,0.1,118.5893333,98.0619058,421.3752811,,,,,,,,,,,
204,300,1000,0.108,0.06,112.5020741,72.05554668,1635.92158,,,,,,,,,,,
205,450,1600,0.103,0.04,122.9661111,162.0721427,1529.281706,,,,,,,,,,,
206,300,1200,0.066,0.04,136.6321111,72.05554668,4170.132673,,,,,,,,,,,
207,350,800,0.141,0.06,116.9185556,98.0619058,355.57324,,,,,,,,,,,
208,350,800,0.081,0.08,118.5893333,98.0619058,421.3752811,,,,,,,,,,,
209,300,800,0.09,0.06,116.3973704,72.05554668,1966.197331,,,,,,,,,,,
210,500,1600,0.097,0.06,97.9152221,200.0760205,10436.82872,,,,,,,,,,,
211,400,800,0.156,0.06,124.8394445,128.0674378,10.41994109,,,,,,,,,,,
212,300,1600,0.072,0.04,123.5012749,72.05554668,2646.662954,,,,,,,,,,,
213,300,800,0.105,0.06,116.3973704,72.05554668,1966.197331,,,,,,,,,,,
214,400,800,0.114,0.06,124.8394445,128.0674378,10.41994109,,,,,,,,,,,
215,500,2000,0.065,0.04,136.146,200.0760205,4087.047516,,,,,,,,,,,
216,350,1600,0.083,0.04,122.2921667,98.0619058,587.1055432,,,,,,,,,,,
217,300,800,0.03,0.06,116.3973704,72.05554668,1966.197331,,,,,,,,,,,
218,450,1800,0.105,0.04,121.4217778,162.0721427,1652.452168,,,,,,,,,,,
219,400,1600,0.099,0.04,124.7087778,128.0674378,11.28059717,,,,,,,,,,,
220,350,600,0.066,0.08,137.6253365,98.06190565,1565.265057,,,,,,,,,,,
221,450,800,0.105,0.06,132.7603333,162.0721427,859.1821678,,,,,,,,,,,
222,400,1000,0.118,0.06,121.8162223,128.0674378,39.07769589,,,,,,,,,,,
223,200,400,0.047,0.06,133.64525,32.04034232,10323.55726,,,,,,,,,,,
224,450,800,0.153,0.08,135.6652223,162.0721427,697.3254445,,,,,,,,,,,
225,450,1000,0.116,0.06,122.6160556,162.0721427,1556.782812,,,,,,,,,,,
226,400,800,0.102,0.06,124.8394445,128.0674378,10.41994109,,,,,,,,,,,
227,500,1200,0.08,0.06,113.7256667,200.0760205,7456.383595,,,,,,,,,,,
228,400,800,0.09,0.08,127.9626667,128.0674378,0.010976991,,,,,,,,,,,
229,350,1200,0.07,0.06,109.964,98.0619058,141.6598463,,,,,,,,,,,
230,500,1600,0.101,0.06,97.9152221,200.0760205,10436.82872,,,,,,,,,,,
231,350,1200,0.103,0.04,114.5516667,98.0619058,271.9122134,,,,,,,,,,,
232,400,2000,0.003,0.04,118.388,128.0674378,93.69151619,,,,,,,,,,,
233,200,400,0.049,0.06,133.64525,32.04034232,10323.55726,,,,,,,,,,,
234,350,1000,0.101,0.06,113.4412778,98.0619058,236.5250831,,,,,,,,,,,
235,300,1200,0.082,0.04,136.6321111,72.05554668,4170.132673,,,,,,,,,,,
236,350,1400,0.078,0.04,118.3416667,98.0619058,411.2687008,,,,,,,,,,,
237,500,1000,0.143,0.06,125.3593333,200.0760205,5582.583336,,,,,,,,,,,
238,400,1000,0.114,0.06,121.8162223,128.0674378,39.07769589,,,,,,,,,,,
239,450,1000,0.099,0.08,122.8938333,162.0721427,1534.939929,,,,,,,,,,,
240,350,1400,0.097,0.04,118.3416667,98.0619058,411.2687008,,,,,,,,,,,
241,500,1200,0.084,0.06,113.7256667,200.0760205,7456.383595,,,,,,,,,,,
242,450,800,0.135,0.06,132.7603333,162.0721427,859.1821678,,,,,,,,,,,
243,450,800,0.102,0.08,135.6652223,162.0721427,697.3254445,,,,,,,,,,,
244,400,1200,0.041,0.06,111.2178889,128.0674378,283.9072982,,,,,,,,,,,
245,450,800,0.136,0.08,135.6652223,162.0721427,697.3254445,,,,,,,,,,,
246,250,800,0.087,0.06,115.355,50.04836045,4264.957169,,,,,,,,,,,
0,250,800,0.095,0.04,146.8691668,50.04836045,9374.268532,,,,,,,,,,,
1,250,400,0.121,0.04,182.4616667,50.04835298,17533.28564,,,,,,,,,,,
2,500,1000,0.147,0.06,125.3593333,200.0760205,5582.583336,,,,,,,,,,,
3,450,1200,0.104,0.04,152.7262222,162.0721427,87.34622941,,,,,,,,,,,
4,400,600,0.101,0.08,140.718,128.0674376,160.036729,,,,,,,,,,,
7,350,800,0.117,0.06,116.9185556,98.0619058,355.57324,,,,,,,,,,,
8,400,800,0.144,0.04,198.9992222,128.0674378,5031.318041,,,,,,,,,,,
9,500,600,0.163,0.08,151.2592222,200.0760201,2383.07976,,,,,,,,,,,
11,300,1000,0.078,0.04,143.3198334,72.05554668,5078.598561,,,,,,,,,,,
15,500,1400,0.106,0.04,141.8175556,200.0760205,3394.048733,,,,,,,,,,,
17,450,1200,0.104,0.06,112.4717778,162.0721427,2460.1962,,,,,,,,,,,
18,400,400,0.117,0.06,226.0102222,128.0674187,9592.792764,,,,,,,,,,,
19,500,600,0.174,0.06,167.5433333,200.0760201,1058.375711,,,,,,,,,,,
20,500,1200,0.11,0.04,162.7806667,200.0760205,1390.943415,,,,,,,,,,,
21,450,1200,0.116,0.06,112.4717778,162.0721427,2460.1962,,,,,,,,,,,
25,450,800,0.165,0.04,203.3556667,162.0721427,1704.329351,,,,,,,,,,,
26,500,800,0.073,0.08,143.3677779,200.0760205,3215.824775,,,,,,,,,,,
27,450,1000,0.127,0.06,122.6160556,162.0721427,1556.782812,,,,,,,,,,,
28,400,800,0.132,0.06,124.8394445,128.0674378,10.41994109,,,,,,,,,,,
29,350,1400,0.065,0.04,118.3416667,98.0619058,411.2687008,,,,,,,,,,,
30,450,800,0.147,0.04,203.3556667,162.0721427,1704.329351,,,,,,,,,,,
31,350,600,0.147,0.06,155.0836667,98.06190565,3251.48123,,,,,,,,,,,
32,300,400,0.167,0.08,157.4081111,72.05553593,7285.06209,,,,,,,,,,,
33,450,1600,0.096,0.04,122.9661111,162.0721427,1529.281706,,,,,,,,,,,
35,500,1000,0.138,0.08,130.6524444,200.0760205,4819.632907,,,,,,,,,,,
37,500,1200,0.09,0.04,162.7806667,200.0760205,1390.943415,,,,,,,,,,,
40,500,1200,0.06,0.06,113.7256667,200.0760205,7456.383595,,,,,,,,,,,
42,300,800,0.112,0.06,116.3973704,72.05554668,1966.197331,,,,,,,,,,,
43,500,800,0.145,0.04,207.7121111,200.0760205,58.30988038,,,,,,,,,,,
44,300,1000,0.1,0.06,112.5020741,72.05554668,1635.92158,,,,,,,,,,,
47,500,600,0.143,0.08,151.2592222,200.0760201,2383.07976,,,,,,,,,,,
49,500,1600,0.107,0.06,97.9152221,200.0760205,10436.82872,,,,,,,,,,,
50,500,800,0.158,0.04,207.7121111,200.0760205,58.30988038,,,,,,,,,,,
51,400,1000,0.089,0.06,121.8162223,128.0674378,39.07769589,,,,,,,,,,,
52,250,1000,0.078,0.04,131.2962223,50.04836045,6601.215055,,,,,,,,,,,
55,500,600,0.085,0.08,151.2592222,200.0760201,2383.07976,,,,,,,,,,,
57,400,1000,0.105,0.06,121.8162223,128.0674378,39.07769589,,,,,,,,,,,
58,350,600,0.091,0.08,134.5271111,98.06190565,1329.71121,,,,,,,,,,,
60,400,1400,0.091,0.04,154.6487778,128.0674378,706.5676348,,,,,,,,,,,
62,450,1400,0.085,0.06,101.6982222,162.0721427,3645.010273,,,,,,,,,,,
63,400,400,0.197,0.04,240.6536667,128.0674187,12675.66323,,,,,,,,,,,
64,500,1800,0.103,0.04,146.541,200.0760205,2865.998416,,,,,,,,,,,
68,350,800,0.111,0.06,116.9185556,98.0619058,355.57324,,,,,,,,,,,
70,400,2000,0.097,0.04,118.388,128.0674378,93.69151619,,,,,,,,,,,
71,450,1000,0.127,0.04,169.2853612,162.0721427,52.03052054,,,,,,,,,,,
72,250,800,0.07,0.06,115.355,50.04836045,4264.957169,,,,,,,,,,,
74,400,400,0.131,0.08,162.1708889,128.0674187,1163.04668,,,,,,,,,,,
76,400,600,0.144,0.06,154.9918889,128.0674376,724.9260771,,,,,,,,,,,
77,500,800,0.177,0.06,140.6812222,200.0760205,3527.742067,,,,,,,,,,,
81,300,600,0.127,0.06,146.6201111,72.05554657,5559.874285,,,,,,,,,,,
87,350,400,0.175,0.04,269.3597778,98.06189116,29342.96596,,,,,,,,,,,
88,250,800,0.087,0.04,146.8691668,50.04836045,9374.268532,,,,,,,,,,,
89,250,800,0.095,0.06,115.355,50.04836045,4264.957169,,,,,,,,,,,
91,250,800,0.112,0.06,115.355,50.04836045,4264.957169,,,,,,,,,,,
92,500,1600,0.06,0.06,97.9152221,200.0760205,10436.82872,,,,,,,,,,,
93,450,1400,0.093,0.04,137.9857778,162.0721427,580.1529747,,,,,,,,,,,
94,500,1000,0.123,0.08,130.6524444,200.0760205,4819.632907,,,,,,,,,,,
95,500,600,0.178,0.06,167.5433333,200.0760201,1058.375711,,,,,,,,,,,
97,400,1200,0.089,0.04,135.7348889,128.0674378,58.78980615,,,,,,,,,,,
99,350,800,0.093,0.06,116.9185556,98.0619058,355.57324,,,,,,,,,,,
101,400,1800,0.092,0.04,113.367,128.0674378,216.1028716,,,,,,,,,,,
102,350,1200,0.047,0.06,109.964,98.0619058,141.6598463,,,,,,,,,,,
103,400,1000,0.067,0.06,121.8162223,128.0674378,39.07769589,,,,,,,,,,,
104,350,1400,0.091,0.04,118.3416667,98.0619058,411.2687008,,,,,,,,,,,
105,250,1000,0.056,0.04,131.2962223,50.04836045,6601.215055,,,,,,,,,,,
107,200,800,0.09,0.04,143.7307779,32.0403471,12474.75233,,,,,,,,,,,
109,350,400,0.185,0.04,269.3597778,98.06189116,29342.96596,,,,,,,,,,,
110,500,600,0.183,0.04,249.4638889,200.0760201,2439.161579,,,,,,,,,,,
113,200,400,0.107,0.04,182.1083333,32.04034232,22520.40193,,,,,,,,,,,
118,400,600,0.13,0.06,154.9918889,128.0674376,724.9260771,,,,,,,,,,,
119,300,600,0.1,0.06,146.6201111,72.05554657,5559.874285,,,,,,,,,,,
121,200,400,0.129,0.08,151.7107778,32.04034232,14321.01312,,,,,,,,,,,
122,400,1000,0.078,0.06,121.8162223,128.0674378,39.07769589,,,,,,,,,,,
123,450,1000,0.11,0.04,169.2853612,162.0721427,52.03052054,,,,,,,,,,,
125,450,600,0.159,0.06,161.8466667,162.0721424,0.050839323,,,,,,,,,,,
128,450,1400,0.057,0.06,101.6982222,162.0721427,3645.010273,,,,,,,,,,,
130,450,600,0.109,0.08,146.9088889,162.0721424,229.9242581,,,,,,,,,,,
131,300,800,0.097,0.06,116.3973704,72.05554668,1966.197331,,,,,,,,,,,
132,450,1400,0.105,0.04,137.9857778,162.0721427,580.1529747,,,,,,,,,,,
133,350,1200,0.086,0.04,114.5516667,98.0619058,271.9122134,,,,,,,,,,,
135,200,600,0.08,0.04,162.9195556,32.04034705,17129.36722,,,,,,,,,,,
137,450,600,0.113,0.06,161.8466667,162.0721424,0.050839323,,,,,,,,,,,
138,350,1000,0.06,0.06,113.4412778,98.0619058,236.5250831,,,,,,,,,,,
139,500,1400,0.106,0.06,105.8204444,200.0760205,8884.113619,,,,,,,,,,,
141,450,600,0.159,0.04,241.6798889,162.0721424,6337.393295,,,,,,,,,,,
142,450,600,0.18,0.06,161.8466667,162.0721424,0.050839323,,,,,,,,,,,
145,200,400,0.076,0.06,133.64525,32.04034232,10323.55726,,,,,,,,,,,
146,250,600,0.067,0.06,143.3102222,50.04836037,8697.774876,,,,,,,,,,,
147,400,1600,0.07,0.04,124.7087778,128.0674378,11.28059717,,,,,,,,,,,
150,450,1200,0.085,0.04,152.7262222,162.0721427,87.34622941,,,,,,,,,,,
151,250,600,0.111,0.04,168.8448889,50.04836037,14112.61519,,,,,,,,,,,
152,500,1600,0.07,0.06,97.9152221,200.0760205,10436.82872,,,,,,,,,,,
154,350,800,0.095,0.08,120.2601111,98.0619058,492.760319,,,,,,,,,,,
155,400,1000,0.114,0.08,119.6888888,128.0674378,70.2000834,,,,,,,,,,,
159,450,600,0.166,0.04,241.6798889,162.0721424,6337.393295,,,,,,,,,,,
160,400,600,0.137,0.06,154.9918889,128.0674376,724.9260771,,,,,,,,,,,
163,400,1200,0.096,0.04,135.7348889,128.0674378,58.78980615,,,,,,,,,,,
165,450,800,0.159,0.06,132.7603333,162.0721427,859.1821678,,,,,,,,,,,
166,350,1200,0.086,0.06,109.964,98.0619058,141.6598463,,,,,,,,,,,
167,500,1600,0.09,0.06,97.9152221,200.0760205,10436.82872,,,,,,,,,,,
169,250,800,0.104,0.04,146.8691668,50.04836045,9374.268532,,,,,,,,,,,
170,350,400,0.108,0.06,160.1805556,98.06189116,3858.728466,,,,,,,,,,,
171,200,400,0.096,0.04,182.1083333,32.04034232,22520.40193,,,,,,,,,,,
175,300,1000,0.047,0.06,112.5020741,72.05554668,1635.92158,,,,,,,,,,,
177,500,1000,0.134,0.04,171.2036667,200.0760205,833.6128138,,,,,,,,,,,
180,450,600,0.097,0.06,161.8466667,162.0721424,0.050839323,,,,,,,,,,,
182,350,400,0.17,0.04,269.3597778,98.06189116,29342.96596,,,,,,,,,,,
183,350,400,0.174,0.06,160.1805556,98.06189116,3858.728466,,,,,,,,,,,
185,500,1400,0.09,0.06,105.8204444,200.0760205,8884.113619,,,,,,,,,,,
186,450,800,0.085,0.08,135.6652223,162.0721427,697.3254445,,,,,,,,,,,
187,350,400,0.14,0.06,160.1805556,98.06189116,3858.728466,,,,,,,,,,,
188,500,1600,0.09,0.04,144.2247778,200.0760205,3119.36131,,,,,,,,,,,
189,400,600,0.135,0.08,140.718,128.0674376,160.036729,,,,,,,,,,,
190,350,1000,0.117,0.04,155.3434445,98.0619058,3281.174676,,,,,,,,,,,
191,300,800,0.112,0.04,150.0075556,72.05554668,6076.515687,,,,,,,,,,,
192,450,1000,0.127,0.08,123.171611,162.0721427,1513.251366,,,,,,,,,,,
195,400,1000,0.075,0.08,119.6888888,128.0674378,70.2000834,,,,,,,,,,,
196,500,800,0.146,0.08,143.3677779,200.0760205,3215.824775,,,,,,,,,,,
197,400,1200,0.081,0.04,135.7348889,128.0674378,58.78980615,,,,,,,,,,,
199,500,1800,0.075,0.04,146.541,200.0760205,2865.998416,,,,,,,,,,,
201,300,1000,0.085,0.06,112.5020741,72.05554668,1635.92158,,,,,,,,,,,
203,500,1400,0.098,0.04,141.8175556,200.0760205,3394.048733,,,,,,,,,,,
204,500,1400,0.09,0.04,141.8175556,200.0760205,3394.048733,,,,,,,,,,,
205,300,1000,0.093,0.04,143.3198334,72.05554668,5078.598561,,,,,,,,,,,
206,500,1400,0.102,0.06,105.8204444,200.0760205,8884.113619,,,,,,,,,,,
208,450,1200,0.11,0.04,152.7262222,162.0721427,87.34622941,,,,,,,,,,,
211,500,600,0.191,0.04,249.4638889,200.0760201,2439.161579,,,,,,,,,,,
214,400,800,0.138,0.08,127.9626667,128.0674378,0.010976991,,,,,,,,,,,
215,400,600,0.159,0.06,154.9918889,128.0674376,724.9260771,,,,,,,,,,,
216,400,1000,0.05,0.08,119.6888888,128.0674378,70.2000834,,,,,,,,,,,
218,400,800,0.132,0.04,198.9992222,128.0674378,5031.318041,,,,,,,,,,,
219,450,1200,0.085,0.06,112.4717778,162.0721427,2460.1962,,,,,,,,,,,
221,450,1000,0.122,0.06,122.6160556,162.0721427,1556.782812,,,,,,,,,,,
224,350,1600,0.095,0.04,122.2921667,98.0619058,587.1055432,,,,,,,,,,,
226,350,1200,0.111,0.04,114.5516667,98.0619058,271.9122134,,,,,,,,,,,
227,250,600,0.099,0.04,168.8448889,50.04836037,14112.61519,,,,,,,,,,,
229,450,600,0.166,0.08,146.9088889,162.0721424,229.9242581,,,,,,,,,,,
231,350,600,0.139,0.06,155.0836667,98.06190565,3251.48123,,,,,,,,,,,
232,500,2000,0.092,0.04,136.146,200.0760205,4087.047516,,,,,,,,,,,
233,500,800,0.164,0.06,140.6812222,200.0760205,3527.742067,,,,,,,,,,,
238,400,1800,0.1,0.04,113.367,128.0674378,216.1028716,,,,,,,,,,,
239,350,800,0.123,0.08,120.2601111,98.0619058,492.760319,,,,,,,,,,,
240,300,1200,0.091,0.04,136.6321111,72.05554668,4170.132673,,,,,,,,,,,
241,350,400,0.165,0.06,178.6087778,98.06189116,6487.800943,,,,,,,,,,,
242,400,2000,0.078,0.04,118.388,128.0674378,93.69151619,,,,,,,,,,,
246,400,800,0.094,0.06,124.8394445,128.0674378,10.41994109,,,,,,,,,,,
250,350,1400,0.084,0.04,118.3416667,98.0619058,411.2687008,,,,,,,,,,,
251,350,400,0.083,0.08,155.0034444,98.06189116,3242.34049,,,,,,,,,,,
256,500,1000,0.083,0.06,125.3593333,200.0760205,5582.583336,,,,,,,,,,,
260,450,1000,0.055,0.08,123.171611,162.0721427,1513.251366,,,,,,,,,,,
262,200,400,0.088,0.08,151.7107778,32.04034232,14321.01312,,,,,,,,,,,
263,500,2000,0.083,0.04,136.146,200.0760205,4087.047516,,,,,,,,,,,
264,350,800,0.07,0.06,116.9185556,98.0619058,355.57324,,,,,,,,,,,
266,450,800,0.09,0.06,132.7603333,162.0721427,859.1821678,,,,,,,,,,,
269,500,2000,0.074,0.04,136.146,200.0760205,4087.047516,,,,,,,,,,,
271,450,1000,0.133,0.04,169.2853612,162.0721427,52.03052054,,,,,,,,,,,
272,200,600,0.096,0.04,162.9195556,32.04034705,17129.36722,,,,,,,,,,,
273,350,800,0.111,0.04,169.6988889,98.0619058,5131.857346,,,,,,,,,,,
276,500,600,0.151,0.06,167.5433333,200.0760201,1058.375711,,,,,,,,,,,
278,450,600,0.152,0.04,241.6798889,162.0721424,6337.393295,,,,,,,,,,,
281,450,800,0.153,0.06,132.7603333,162.0721427,859.1821678,,,,,,,,,,,
282,400,1000,0.101,0.08,119.6888888,128.0674378,70.2000834,,,,,,,,,,,
283,450,1000,0.085,0.08,123.171611,162.0721427,1513.251366,,,,,,,,,,,
284,500,1000,0.138,0.06,125.3593333,200.0760205,5582.583336,,,,,,,,,,,
286,500,1600,0.097,0.04,144.2247778,200.0760205,3119.36131,,,,,,,,,,,
287,250,600,0.099,0.06,143.3102222,50.04836037,8697.774876,,,,,,,,,,,
288,350,400,0.104,0.08,155.0034444,98.06189116,3242.34049,,,,,,,,,,,
289,500,800,0.129,0.06,140.6812222,200.0760205,3527.742067,,,,,,,,,,,
290,400,400,0.182,0.06,226.0102222,128.0674187,9592.792764,,,,,,,,,,,
291,250,800,0.112,0.04,146.8691668,50.04836045,9374.268532,,,,,,,,,,,
294,250,600,0.087,0.04,168.8448889,50.04836037,14112.61519,,,,,,,,,,,
295,500,1600,0.1,0.06,97.9152221,200.0760205,10436.82872,,,,,,,,,,,
296,400,400,0.175,0.04,240.6536667,128.0674187,12675.66323,,,,,,,,,,,
297,300,400,0.142,0.08,157.4081111,72.05553593,7285.06209,,,,,,,,,,,
300,250,600,0.059,0.06,143.3102222,50.04836037,8697.774876,,,,,,,,,,,
303,400,400,0.19,0.04,240.6536667,128.0674187,12675.66323,,,,,,,,,,,
306,400,1200,0.104,0.04,135.7348889,128.0674378,58.78980615,,,,,,,,,,,
307,350,1000,0.09,0.04,155.3434445,98.0619058,3281.174676,,,,,,,,,,,
310,500,1000,0.138,0.04,171.2036667,200.0760205,833.6128138,,,,,,,,,,,
311,450,1600,0.092,0.04,122.9661111,162.0721427,1529.281706,,,,,,,,,,,
312,500,800,0.171,0.04,207.7121111,200.0760205,58.30988038,,,,,,,,,,,
313,200,400,0.058,0.08,151.7107778,32.04034232,14321.01312,,,,,,,,,,,
314,200,400,0.103,0.08,151.7107778,32.04034232,14321.01312,,,,,,,,,,,
316,500,1600,0.1,0.04,144.2247778,200.0760205,3119.36131,,,,,,,,,,,
317,400,400,0.175,0.08,160.1708889,128.0674187,1030.6328,,,,,,,,,,,
319,450,1600,0.085,0.04,122.9661111,162.0721427,1529.281706,,,,,,,,,,,
320,450,600,0.09,0.08,146.9088889,162.0721424,229.9242581,,,,,,,,,,,
321,400,1600,0.093,0.04,124.7087778,128.0674378,11.28059717,,,,,,,,,,,
323,200,400,0.129,0.06,133.64525,32.04034232,10323.55726,,,,,,,,,,,
325,400,400,0.205,0.04,240.6536667,128.0674187,12675.66323,,,,,,,,,,,
327,500,1600,0.107,0.04,144.2247778,200.0760205,3119.36131,,,,,,,,,,,
329,500,1200,0.11,0.06,113.7256667,200.0760205,7456.383595,,,,,,,,,,,
331,400,1000,0.109,0.04,167.3670556,128.0674378,1544.459955,,,,,,,,,,,
332,500,600,0.183,0.06,167.5433333,200.0760201,1058.375711,,,,,,,,,,,
333,250,1000,0.067,0.04,131.2962223,50.04836045,6601.215055,,,,,,,,,,,
335,250,400,0.163,0.06,157.2547778,50.04835298,11493.21752,,,,,,,,,,,
336,400,1600,0.076,0.04,124.7087778,128.0674378,11.28059717,,,,,,,,,,,
339,250,400,0.073,0.06,157.2547778,50.04835298,11493.21752,,,,,,,,,,,
340,250,400,0.091,0.08,154.1232222,50.04835298,10831.57841,,,,,,,,,,,
341,300,800,0.127,0.04,150.0075556,72.05554668,6076.515687,,,,,,,,,,,
344,350,600,0.089,0.06,155.0836667,98.06190565,3251.48123,,,,,,,,,,,
345,300,400,0.174,0.04,208.0824444,72.05553593,18503.31984,,,,,,,,,,,
349,350,1000,0.112,0.04,155.3434445,98.0619058,3281.174676,,,,,,,,,,,
351,450,1800,0.097,0.04,121.4217778,162.0721427,1652.452168,,,,,,,,,,,
354,400,1200,0.073,0.04,135.7348889,128.0674378,58.78980615,,,,,,,,,,,
355,300,800,0.09,0.04,150.0075556,72.05554668,6076.515687,,,,,,,,,,,
356,450,1000,0.073,0.06,122.6160556,162.0721427,1556.782812,,,,,,,,,,,
357,300,1000,0.085,0.04,143.3198334,72.05554668,5078.598561,,,,,,,,,,,
358,350,800,0.105,0.06,116.9185556,98.0619058,355.57324,,,,,,,,,,,
360,500,1800,0.075,0.06,83.523,200.0760205,13584.60658,,,,,,,,,,,
364,300,1200,0.065,0.04,136.6321111,72.05554668,4170.132673,,,,,,,,,,,
365,300,1000,0.093,0.06,112.5020741,72.05554668,1635.92158,,,,,,,,,,,
367,300,400,0.147,0.04,208.0824444,72.05553593,18503.31984,,,,,,,,,,,
369,400,600,0.152,0.06,154.9918889,128.0674376,724.9260771,,,,,,,,,,,
370,250,1000,0.1,0.04,131.2962223,50.04836045,6601.215055,,,,,,,,,,,
371,500,1000,0.093,0.08,130.6524444,200.0760205,4819.632907,,,,,,,,,,,
373,250,400,0.152,0.08,154.1232222,50.04835298,10831.57841,,,,,,,,,,,
374,500,1000,0.147,0.04,171.2036667,200.0760205,833.6128138,,,,,,,,,,,
376,500,1000,0.129,0.06,125.3593333,200.0760205,5582.583336,,,,,,,,,,,
377,200,400,0.118,0.06,133.64525,32.04034232,10323.55726,,,,,,,,,,,
378,500,600,0.17,0.06,167.5433333,200.0760201,1058.375711,,,,,,,,,,,
380,300,600,0.089,0.06,146.6201111,72.05554657,5559.874285,,,,,,,,,,,
382,350,600,0.131,0.06,155.0836667,98.06190565,3251.48123,,,,,,,,,,,
384,450,2000,0.074,0.04,121.0836667,162.0721427,1680.055167,,,,,,,,,,,
386,300,1000,0.078,0.06,112.5020741,72.05554668,1635.92158,,,,,,,,,,,
388,350,600,0.077,0.06,155.0836667,98.06190565,3251.48123,,,,,,,,,,,
389,400,400,0.19,0.06,226.0102222,128.0674187,9592.792764,,,,,,,,,,,
390,250,400,0.142,0.06,157.2547778,50.04835298,11493.21752,,,,,,,,,,,
391,400,1800,0.06,0.04,113.367,128.0674378,216.1028716,,,,,,,,,,,
392,400,800,0.126,0.04,198.9992222,128.0674378,5031.318041,,,,,,,,,,,
396,350,800,0.109,0.08,120.2601111,98.0619058,492.760319,,,,,,,,,,,
402,350,800,0.053,0.08,120.2601111,98.0619058,492.760319,,,,,,,,,,,
403,400,1400,0.085,0.04,154.6487778,128.0674378,706.5676348,,,,,,,,,,,
404,200,600,0.111,0.04,162.9195556,32.04034705,17129.36722,,,,,,,,,,,
407,250,400,0.11,0.04,182.4616667,50.04835298,17533.28564,,,,,,,,,,,
409,350,800,0.129,0.04,169.6988889,98.0619058,5131.857346,,,,,,,,,,,
410,250,600,0.135,0.04,168.8448889,50.04836037,14112.61519,,,,,,,,,,,
411,450,600,0.18,0.04,241.6798889,162.0721424,6337.393295,,,,,,,,,,,
412,300,600,0.145,0.04,174.7702222,72.05554657,10550.30459,,,,,,,,,,,
415,300,1200,0.074,0.04,136.6321111,72.05554668,4170.132673,,,,,,,,,,,
417,450,800,0.159,0.04,203.3556667,162.0721427,1704.329351,,,,,,,,,,,
418,350,800,0.123,0.06,116.9185556,98.0619058,355.57324,,,,,,,,,,,
419,400,1000,0.105,0.04,167.3670556,128.0674378,1544.459955,,,,,,,,,,,
421,350,800,0.081,0.08,120.2601111,98.0619058,492.760319,,,,,,,,,,,
422,300,800,0.09,0.06,116.3973704,72.05554668,1966.197331,,,,,,,,,,,
424,400,800,0.15,0.06,124.8394445,128.0674378,10.41994109,,,,,,,,,,,
425,350,1600,0.071,0.04,122.2921667,98.0619058,587.1055432,,,,,,,,,,,
427,400,800,0.126,0.06,124.8394445,128.0674378,10.41994109,,,,,,,,,,,
428,350,400,0.11,0.06,178.6087778,98.06189116,6487.800943,,,,,,,,,,,
433,500,1200,0.124,0.04,162.7806667,200.0760205,1390.943415,,,,,,,,,,,
434,250,600,0.111,0.06,143.3102222,50.04836037,8697.774876,,,,,,,,,,,
435,400,400,0.088,0.08,164.1708889,128.0674187,1303.460561,,,,,,,,,,,
436,300,800,0.06,0.06,116.3973704,72.05554668,1966.197331,,,,,,,,,,,
437,450,1800,0.105,0.04,121.4217778,162.0721427,1652.452168,,,,,,,,,,,
441,350,600,0.139,0.04,192.2185556,98.06190565,8865.474722,,,,,,,,,,,
442,350,600,0.123,0.06,155.0836667,98.06190565,3251.48123,,,,,,,,,,,
444,350,800,0.117,0.04,169.6988889,98.0619058,5131.857346,,,,,,,,,,,
445,350,600,0.075,0.08,134.5271111,98.06190565,1329.71121,,,,,,,,,,,
446,450,800,0.12,0.06,132.7603333,162.0721427,859.1821678,,,,,,,,,,,
447,400,800,0.15,0.04,198.9992222,128.0674378,5031.318041,,,,,,,,,,,
451,350,400,0.129,0.06,178.6087778,98.06189116,6487.800943,,,,,,,,,,,
452,450,600,0.173,0.04,241.6798889,162.0721424,6337.393295,,,,,,,,,,,
453,350,600,0.155,0.06,155.0836667,98.06190565,3251.48123,,,,,,,,,,,
454,200,400,0.057,0.06,133.64525,32.04034232,10323.55726,,,,,,,,,,,
458,400,800,0.12,0.06,124.8394445,128.0674378,10.41994109,,,,,,,,,,,
459,400,600,0.116,0.06,154.9918889,128.0674376,724.9260771,,,,,,,,,,,
462,350,400,0.18,0.08,155.0034444,98.06189116,3242.34049,,,,,,,,,,,
463,400,600,0.152,0.04,206.3603333,128.0674376,6129.777522,,,,,,,,,,,
466,400,400,0.182,0.04,240.6536667,128.0674187,12675.66323,,,,,,,,,,,
467,400,1400,0.08,0.04,154.6487778,128.0674378,706.5676348,,,,,,,,,,,
468,350,1200,0.078,0.06,109.964,98.0619058,141.6598463,,,,,,,,,,,
469,500,1600,0.104,0.06,97.9152221,200.0760205,10436.82872,,,,,,,,,,,
471,400,2000,0.05,0.04,118.388,128.0674378,93.69151619,,,,,,,,,,,
472,300,400,0.16,0.08,157.4081111,72.05553593,7285.06209,,,,,,,,,,,
473,300,400,0.124,0.08,157.4081111,72.05553593,7285.06209,,,,,,,,,,,
474,200,400,0.067,0.06,133.64525,32.04034232,10323.55726,,,,,,,,,,,
475,350,400,0.17,0.06,178.6087778,98.06189116,6487.800943,,,,,,,,,,,
481,400,1000,0.114,0.06,121.8162223,128.0674378,39.07769589,,,,,,,,,,,
483,200,800,0.055,0.04,143.7307779,32.0403471,12474.75233,,,,,,,,,,,
484,250,400,0.108,0.08,154.1232222,50.04835298,10831.57841,,,,,,,,,,,
485,450,1000,0.099,0.08,123.171611,162.0721427,1513.251366,,,,,,,,,,,
486,350,1400,0.097,0.04,118.3416667,98.0619058,411.2687008,,,,,,,,,,,
488,350,400,0.142,0.08,155.0034444,98.06189116,3242.34049,,,,,,,,,,,
489,500,1200,0.097,0.06,113.7256667,200.0760205,7456.383595,,,,,,,,,,,
490,300,600,0.118,0.06,146.6201111,72.05554657,5559.874285,,,,,,,,,,,
492,450,800,0.119,0.08,135.6652223,162.0721427,697.3254445,,,,,,,,,,,
493,400,1200,0.049,0.06,111.2178889,128.0674378,283.9072982,,,,,,,,,,,
496,350,400,0.167,0.06,160.1805556,98.06189116,3858.728466,,,,,,,,,,,
497,250,400,0.131,0.04,182.4616667,50.04835298,17533.28564,,,,,,,,,,,
499,500,1400,0.11,0.04,141.8175556,200.0760205,3394.048733,,,,,,,,,,,
500,400,400,0.109,0.08,163.1708889,128.0674187,1232.253621,,,,,,,,,,,
